Time Stamp,ID,Extended,Remote Frame,DLC,D1,D2,D3,D4,D5,D6,D7,D8
9778,193,0,0,8,16,0,0,0,16,0,0,0
9779,313,0,0,8,0,64,0,0,0,0,0,0
9780,197,0,0,8,16,0,0,0,16,3,187,62
9791,398,0,0,8,0,0,0,99,134,57,6,57
9792,209,0,0,7,0,0,0,0,0,0,0,0
9792,426,0,0,7,0,99,134,106,99,128,0,0
9793,454,0,0,8,41,134,50,48,0,3,55,64
9804,451,0,0,8,6,56,7,162,255,48,0,1
9805,493,0,0,8,1,169,0,0,0,0,71,87
9805,386,0,0,8,142,244,1,0,0,0,0,0
9806,761,0,0,7,43,0,0,8,0,0,49,0
9807,810,0,0,8,6,141,204,189,107,2,0,142
9818,442,0,0,8,7,162,122,38,160,122,40,150
9818,452,0,0,8,109,98,194,27,6,0,3,253
9819,479,0,0,3,0,0,0,0,0,0,0,0
9830,199,0,0,4,0,0,0,0,0,0,0,0
9830,249,0,0,8,0,0,64,0,0,0,0,5
9831,193,0,0,8,16,0,0,0,16,0,0,0
9832,497,0,0,8,174,10,0,0,8,0,0,122
9833,460,0,0,5,0,0,0,0,0,0,0,0
9844,451,0,0,8,6,56,7,163,255,16,0,3
9844,452,0,0,8,0,98,194,27,0,0,0,0
9845,479,0,0,3,0,0,0,0,0,0,0,0
9845,969,0,0,8,7,6,0,0,0,0,0,0
9856,249,0,0,8,0,0,64,0,0,0,0,5
9857,199,0,0,4,0,0,0,0,0,0,0,0
9858,249,0,0,8,0,0,64,0,0,0,0,5
9858,481,0,0,7,0,0,0,0,2,24,208,0
9859,193,0,0,8,0,0,0,0,0,0,0,0
9870,647,0,0,5,130,0,0,8,143,0,0,0
9871,613,0,0,8,248,0,0,128,0,0,0,0
9871,1233,0,0,8,0,0,0,3,19,70,0,0
9872,193,0,0,8,16,0,0,0,16,0,0,0
9883,209,0,0,7,0,0,0,0,0,0,0,0
9883,311,0,0,8,13,1,238,212,11,123,92,9
9884,1920,0,0,7,0,0,0,0,0,0,0,0
9885,481,0,0,7,0,0,0,0,3,28,192,0
9896,241,0,0,6,40,6,0,65,243,253,0,0
9896,707,0,0,8,6,56,7,163,0,0,193,16
9897,462,0,0,4,24,0,7,253,0,0,0,0
9897,422,0,0,4,68,6,160,0,0,0,0,0
9908,241,0,0,6,52,7,0,65,241,252,0,0
9909,193,0,0,8,16,0,0,0,16,0,0,0
9910,197,0,0,8,16,0,0,0,16,3,187,62
9910,481,0,0,7,0,0,0,0,0,16,240,0
9911,209,0,0,7,0,0,0,0,0,0,0,0
9922,241,0,0,6,28,6,0,65,243,254,0,0
9922,209,0,0,7,64,0,127,255,0,255,0,0
9923,489,0,0,8,0,0,0,14,175,249,0,0
9924,431,0,0,8,32,0,0,16,0,0,0,255
9935,328,0,0,1,0,0,0,0,0,0,0,0
9935,462,0,0,4,8,0,7,255,0,0,0,0
9936,1105,0,0,6,0,0,0,0,255,0,0,0
9936,241,0,0,6,52,7,0,65,241,252,0,0
9947,170,0,0,8,41,211,49,104,4,78,150,0
9948,431,0,0,8,32,0,0,16,0,0,0,255
9948,501,0,0,8,15,15,0,1,0,0,3,0
9949,193,0,0,8,16,0,0,0,16,0,0,0
9960,197,0,0,8,16,0,0,0,16,3,187,62
9961,193,0,0,8,32,0,0,0,32,0,0,0
9962,197,0,0,8,32,0,0,0,32,3,187,62
9962,209,0,0,7,64,0,127,255,0,255,0,0
9973,840,0,0,5,0,0,0,0,27,0,0,0
9973,431,0,0,8,32,0,0,16,0,0,0,255
9974,844,0,0,8,250,150,31,249,3,243,0,0
9974,462,0,0,4,24,0,7,253,0,0,0,0
9985,510,0,0,8,6,110,143,1,0,0,193,91
9986,241,0,0,6,0,7,0,65,241,255,0,0
9986,170,0,0,8,41,211,49,104,4,78,150,0
9987,1005,0,0,6,0,0,0,0,0,255,0,0
9998,190,0,0,6,4,1,0,4,227,254,0,0
9998,241,0,0,6,28,7,0,65,241,254,0,0
9999,193,0,0,8,32,0,0,0,32,0,0,0
10000,197,0,0,8,32,0,0,0,32,3,187,62
10011,481,0,0,7,0,0,0,0,3,28,192,0
10011,193,0,0,8,48,0,0,0,48,0,0,0
10012,209,0,0,7,128,0,191,254,0,254,0,0
10012,840,0,0,5,0,0,0,0,27,0,0,0
10023,463,0,0,3,0,0,5,0,0,0,0,0
10024,510,0,0,8,6,94,143,2,0,0,1,52
10024,866,0,0,4,0,0,0,0,0,0,0,0
10025,170,0,0,8,41,211,49,104,2,78,151,0
10036,190,0,0,6,0,1,0,4,227,255,0,0
10036,241,0,0,6,28,7,0,65,241,254,0,0
10037,170,0,0,8,41,211,49,104,4,78,150,0
10047,190,0,0,6,4,1,0,4,227,254,0,0
10048,201,0,0,8,0,0,0,39,0,0,24,0
10049,193,0,0,8,48,0,0,0,48,0,0,0
10049,197,0,0,8,48,0,0,0,48,3,187,62
10060,241,0,0,6,40,7,0,65,241,253,0,0
10061,193,0,0,8,0,0,0,0,0,0,0,0
10062,197,0,0,8,0,0,0,0,0,3,187,62
10062,485,0,0,8,92,255,221,112,0,0,2,228
10073,481,0,0,7,0,0,0,0,1,20,224,0
10073,431,0,0,8,32,0,0,16,0,0,0,255
10074,462,0,0,4,0,0,0,0,0,0,0,0
10075,510,0,0,8,6,110,143,1,0,0,65,75
10085,866,0,0,4,0,0,0,0,0,0,0,0
10086,241,0,0,6,40,7,0,65,241,253,0,0
10086,170,0,0,8,41,211,49,104,4,78,150,0
10087,190,0,0,6,4,1,0,4,227,254,0,0
10098,201,0,0,8,0,0,0,39,0,0,24,0
10098,193,0,0,8,0,0,0,0,0,0,0,0
10099,197,0,0,8,0,0,0,0,0,3,187,62
10100,241,0,0,6,52,7,0,65,241,252,0,0
10111,209,0,0,7,192,0,255,253,0,253,0,0
10111,193,0,0,8,16,0,0,0,16,0,0,0
10112,455,0,0,7,9,110,246,143,0,0,63,0
10112,460,0,0,5,0,0,0,0,0,0,0,0
10123,170,0,0,8,41,211,49,104,0,78,152,0
10124,510,0,0,8,6,94,143,1,0,0,129,67
10124,866,0,0,4,0,0,0,0,0,0,0,0
10125,170,0,0,8,41,211,49,104,2,78,151,0
10136,190,0,0,6,0,1,0,4,227,255,0,0
10136,241,0,0,6,52,7,0,65,241,252,0,0
10137,170,0,0,8,41,211,49,104,4,78,150,0
10148,190,0,0,6,4,1,0,4,227,254,0,0
10148,201,0,0,8,0,0,0,39,0,0,24,0
10149,193,0,0,8,16,0,0,0,16,0,0,0
10150,197,0,0,8,16,0,0,0,16,3,187,62
10160,241,0,0,6,0,6,0,65,243,255,0,0
10161,193,0,0,8,32,0,0,0,32,0,0,0
10162,241,0,0,6,28,6,0,65,243,254,0,0
10162,489,0,0,8,0,0,0,14,175,250,0,0
10173,298,0,0,8,16,226,112,92,0,0,16,149
10174,501,0,0,8,15,15,0,1,0,0,3,0
10174,462,0,0,4,8,0,7,255,0,0,0,0
10175,510,0,0,8,6,110,143,1,0,0,193,91
10185,866,0,0,4,0,0,0,0,0,0,0,0
10186,241,0,0,6,0,7,0,65,241,255,0,0
10186,170,0,0,8,41,211,49,104,4,78,150,0
10197,190,0,0,6,4,1,0,4,227,254,0,0
10198,201,0,0,8,0,0,0,39,0,0,24,0
10198,193,0,0,8,32,0,0,0,32,0,0,0
10199,241,0,0,6,28,6,0,65,243,254,0,0
10200,197,0,0,8,32,0,0,0,32,3,187,62
10211,193,0,0,8,48,0,0,0,48,0,0,0
10211,197,0,0,8,48,0,0,0,48,3,187,62
10212,209,0,0,7,128,0,191,254,0,254,0,0
10223,460,0,0,5,0,0,0,0,0,0,0,0
10223,170,0,0,8,41,211,49,104,0,78,152,0
10224,510,0,0,8,6,110,143,1,0,0,1,67
10224,866,0,0,4,0,0,0,0,0,0,0,0
10235,170,0,0,8,41,211,49,104,2,78,151,0
10236,462,0,0,4,0,0,0,0,0,0,0,0
10236,241,0,0,6,28,6,0,65,243,254,0,0
10237,170,0,0,8,41,211,49,104,4,78,150,0
10248,1005,0,0,6,0,0,0,0,0,255,0,0
10248,501,0,0,8,15,15,0,1,0,0,3,0
10249,1001,0,0,8,0,0,0,0,0,0,0,0
10250,193,0,0,8,48,0,0,0,48,0,0,0
10261,352,0,0,5,192,12,142,244,3,0,0,0
10261,193,0,0,8,0,0,0,0,0,0,0,0
10262,209,0,0,7,192,0,255,253,0,253,0,0
10262,840,0,0,5,0,0,0,0,27,0,0,0
10273,298,0,0,8,16,226,112,92,0,0,16,165
10274,481,0,0,7,0,0,0,0,0,16,240,0
10274,462,0,0,4,16,0,7,254,0,0,0,0
10275,510,0,0,8,6,110,143,1,0,0,65,75
10286,866,0,0,4,0,0,0,0,0,0,0,0
10286,241,0,0,6,40,6,0,65,243,253,0,0
10286,170,0,0,8,41,211,49,104,4,78,150,0
10297,190,0,0,6,4,1,0,4,227,254,0,0
10298,201,0,0,8,0,0,0,39,0,0,24,0
10299,193,0,0,8,0,0,0,0,0,0,0,0
10299,197,0,0,8,0,0,0,0,0,3,187,62
10300,241,0,0,6,52,7,0,65,241,252,0,0
10311,193,0,0,8,16,0,0,0,16,0,0,0
10311,197,0,0,8,16,0,0,0,16,3,187,62
10312,455,0,0,7,9,110,118,145,0,0,63,0
10323,460,0,0,5,0,0,0,0,0,0,0,0
10323,170,0,0,8,41,211,49,104,0,78,152,0
10324,510,0,0,8,6,110,143,1,0,0,129,83
10325,866,0,0,4,0,0,0,0,0,0,0,0
10335,170,0,0,8,41,211,49,104,2,78,151,0
10336,462,0,0,4,8,0,7,255,0,0,0,0
10337,241,0,0,6,52,7,0,65,241,252,0,0
10337,170,0,0,8,41,211,49,104,4,78,150,0
10348,190,0,0,6,4,1,0,4,227,254,0,0
10349,1017,0,0,8,0,0,0,0,79,0,232,66
10350,1020,0,0,8,72,24,112,163,155,0,163,155
10350,1217,0,0,8,0,194,103,92,155,0,0,0
10361,193,0,0,8,16,0,0,0,16,0,0,0
10362,241,0,0,6,28,7,0,65,241,254,0,0
10362,489,0,0,8,0,0,0,14,175,249,0,0
10373,298,0,0,8,16,226,112,92,0,0,16,181
10374,608,0,0,8,200,0,0,0,0,0,0,0
10374,844,0,0,8,250,150,31,249,3,243,0,0
10375,462,0,0,4,24,0,7,253,0,0,0,0
10386,510,0,0,8,6,110,143,2,0,0,193,92
10386,241,0,0,6,0,7,0,65,241,255,0,0
10387,170,0,0,8,41,211,49,104,4,78,150,0
10387,190,0,0,6,4,1,0,4,227,254,0,0
10398,201,0,0,8,0,0,0,39,0,0,24,0
10399,241,0,0,6,28,7,0,65,241,254,0,0
10400,193,0,0,8,32,0,0,0,32,0,0,0
10400,499,0,0,3,192,224,0,0,0,0,0,0
10411,197,0,0,8,32,0,0,0,32,3,187,62
10411,241,0,0,6,40,7,0,65,241,253,0,0
10412,485,0,0,8,92,255,222,80,0,0,2,197
10423,463,0,0,3,0,0,5,0,0,0,0,0
10423,170,0,0,8,41,211,49,104,0,78,152,0
10424,510,0,0,8,6,110,143,1,0,0,1,67
10424,866,0,0,4,0,0,0,0,0,0,0,0
10435,170,0,0,8,41,211,49,104,2,78,151,0
10436,462,0,0,4,16,0,7,254,0,0,0,0
10436,241,0,0,6,28,7,0,65,241,254,0,0
10437,170,0,0,8,41,211,49,104,4,78,150,0
10448,190,0,0,6,4,1,0,4,227,254,0,0
10448,1001,0,0,8,0,0,0,0,0,0,0,0
10449,193,0,0,8,48,0,0,0,48,0,0,0
10450,197,0,0,8,48,0,0,0,48,3,187,62
10461,352,0,0,5,192,12,142,244,3,0,0,0
10461,193,0,0,8,0,0,0,0,0,0,0,0
10462,209,0,0,7,192,0,255,253,0,253,0,0
10462,840,0,0,5,0,0,0,0,27,0,0,0
10473,298,0,0,8,16,226,112,92,0,0,16,133
10474,309,0,0,8,0,0,8,86,98,13,26,49
10474,462,0,0,4,0,0,0,0,0,0,0,0
10475,510,0,0,8,6,110,143,1,0,0,65,75
10486,866,0,0,4,0,0,0,0,0,0,0,0
10486,241,0,0,6,40,6,0,65,243,253,0,0
10487,170,0,0,8,41,211,49,104,4,78,150,0
10497,1005,0,0,6,0,0,0,0,0,255,0,0
10498,190,0,0,6,4,1,0,4,227,254,0,0
10499,193,0,0,8,0,0,0,0,0,0,0,0
10499,197,0,0,8,0,0,0,0,0,3,187,62
10510,241,0,0,6,52,7,0,65,241,252,0,0
10511,193,0,0,8,16,0,0,0,16,0,0,0
10512,197,0,0,8,16,0,0,0,16,3,187,62
10512,455,0,0,7,9,110,246,143,0,0,63,0
10523,460,0,0,5,0,0,0,0,0,0,0,0
10523,501,0,0,8,15,15,0,1,0,0,3,0
10524,510,0,0,8,6,110,143,1,0,0,129,83
10525,866,0,0,4,0,0,0,0,0,0,0,0
10535,170,0,0,8,41,211,49,104,2,78,151,0
10536,462,0,0,4,24,0,7,253,0,0,0,0
10536,241,0,0,6,52,7,0,65,241,252,0,0
10537,170,0,0,8,41,211,49,104,4,78,150,0
10548,190,0,0,6,4,1,0,4,227,254,0,0
10548,1001,0,0,8,0,0,0,0,0,0,0,0
10549,193,0,0,8,16,0,0,0,16,0,0,0
10550,197,0,0,8,16,0,0,0,16,3,187,62
10561,352,0,0,5,192,12,142,244,3,0,0,0
10561,193,0,0,8,32,0,0,0,32,0,0,0
10562,485,0,0,8,92,255,222,48,0,0,2,165
10563,298,0,0,8,16,226,112,92,0,0,16,149
10573,608,0,0,8,200,0,0,0,0,0,0,0
10574,481,0,0,7,0,0,0,0,2,24,208,0
10574,462,0,0,4,8,0,7,255,0,0,0,0
10585,510,0,0,8,6,110,143,1,0,0,193,91
10586,866,0,0,4,0,0,0,0,0,0,0,0
10586,241,0,0,6,0,7,0,65,241,255,0,0
10587,170,0,0,8,41,211,49,103,4,78,151,0
10598,190,0,0,6,4,1,0,4,227,254,0,0
10598,501,0,0,8,15,15,0,1,0,0,3,0
10599,193,0,0,8,32,0,0,0,32,0,0,0
10600,481,0,0,7,0,0,0,0,3,28,192,0
10611,197,0,0,8,32,0,0,0,32,3,187,62
10611,193,0,0,8,48,0,0,0,48,0,0,0
10612,241,0,0,6,40,6,0,65,243,253,0,0
10612,485,0,0,8,92,255,222,80,0,0,2,197
10623,499,0,0,3,128,160,0,0,0,0,0,0
10624,510,0,0,8,6,110,143,2,0,0,1,68
10624,866,0,0,4,0,0,0,0,0,0,0,0
10625,170,0,0,8,41,211,49,104,2,78,151,0
10636,190,0,0,6,0,1,0,4,227,255,0,0
10636,1105,0,0,6,0,0,0,0,255,0,0,0
10637,241,0,0,6,28,6,0,65,243,254,0,0
10637,170,0,0,8,41,211,49,104,4,78,150,0
10648,190,0,0,6,4,1,0,4,227,254,0,0
10649,193,0,0,8,48,0,0,0,48,0,0,0
10649,197,0,0,8,48,0,0,0,48,3,187,62
10650,241,0,0,6,40,7,0,65,241,253,0,0
10661,208,0,0,8,128,0,128,0,128,0,128,0
10662,197,0,0,8,0,0,0,0,0,3,187,62
10662,485,0,0,8,92,255,222,112,0,0,2,229
10673,481,0,0,7,0,0,0,0,1,20,224,0
10673,608,0,0,8,200,0,0,0,0,0,0,0
10674,844,0,0,8,234,148,31,249,3,243,0,0
10675,462,0,0,4,16,0,7,254,0,0,0,0
10685,510,0,0,8,6,110,143,1,0,0,65,75
10686,241,0,0,6,40,6,0,65,243,253,0,0
10686,170,0,0,8,41,211,49,104,4,78,150,0
10697,190,0,0,6,4,1,0,4,227,254,0,0
10698,201,0,0,8,0,0,0,39,0,0,24,0
10698,193,0,0,8,0,0,0,0,0,0,0,0
10699,197,0,0,8,0,0,0,0,0,3,187,62
10700,241,0,0,6,52,6,0,65,243,252,0,0
10711,193,0,0,8,16,0,0,0,16,0,0,0
10711,197,0,0,8,16,0,0,0,16,3,187,62
10712,455,0,0,7,9,110,118,145,0,0,63,0
10723,460,0,0,5,0,0,0,0,0,0,0,0
10723,170,0,0,8,41,211,49,104,0,78,152,0
10724,844,0,0,8,242,148,31,248,3,243,0,0
10724,510,0,0,8,6,110,143,1,0,0,129,83
10735,866,0,0,4,0,0,0,0,0,0,0,0
10736,462,0,0,4,8,0,7,255,0,0,0,0
10736,499,0,0,3,128,160,0,0,0,0,0,0
10737,241,0,0,6,52,7,0,65,241,252,0,0
10748,1005,0,0,6,0,0,0,0,0,255,0,0
10748,501,0,0,8,15,15,0,1,0,0,3,0
10749,1001,0,0,8,0,0,0,0,0,0,0,0
10750,193,0,0,8,16,0,0,0,16,0,0,0
10760,197,0,0,8,16,0,0,0,16,3,187,62
10761,193,0,0,8,32,0,0,0,32,0,0,0
10762,209,0,0,7,64,0,127,255,0,255,0,0
10762,489,0,0,8,0,0,0,14,175,249,0,0
10773,298,0,0,8,16,226,112,92,0,0,16,181
10774,501,0,0,8,15,15,0,1,0,0,3,0
10774,462,0,0,4,24,0,7,253,0,0,0,0
10775,510,0,0,8,6,110,143,2,0,0,193,92
10785,866,0,0,4,0,0,0,0,0,0,0,0
10786,241,0,0,6,0,7,0,65,241,255,0,0
10786,170,0,0,8,41,211,49,105,4,78,149,0
10787,190,0,0,6,4,1,0,4,227,254,0,0
10798,201,0,0,8,0,0,0,39,0,0,24,0
10799,241,0,0,6,28,7,0,65,241,254,0,0
10799,193,0,0,8,32,0,0,0,32,0,0,0
10800,197,0,0,8,32,0,0,0,32,3,187,62
10811,810,0,0,8,6,141,204,189,107,2,0,142
10812,197,0,0,8,48,0,0,0,48,3,187,62
10812,455,0,0,7,9,110,182,144,0,0,63,0
10823,460,0,0,5,0,0,0,0,0,0,0,0
10823,170,0,0,8,41,211,49,105,0,78,151,0
10824,510,0,0,8,6,110,143,1,0,0,1,67
10825,866,0,0,4,0,0,0,0,0,0,0,0
10835,170,0,0,8,41,211,49,105,2,78,150,0
10836,462,0,0,4,16,0,7,254,0,0,0,0
10837,241,0,0,6,28,6,0,65,243,254,0,0
10837,170,0,0,8,41,211,49,104,4,78,150,0
10848,190,0,0,6,4,2,0,4,227,253,0,0
10849,1001,0,0,8,0,0,0,0,0,0,0,0
10850,1017,0,0,8,0,0,0,0,79,0,232,66
10850,1020,0,0,8,72,24,112,163,155,0,163,155
10861,193,0,0,8,48,0,0,0,48,0,0,0
10862,241,0,0,6,52,7,0,65,241,252,0,0
10863,298,0,0,8,16,226,112,92,0,0,16,133
10874,608,0,0,8,200,0,0,0,0,0,0,0
10874,609,0,0,6,128,0,0,0,0,0,0,0
10875,501,0,0,8,15,15,0,1,0,0,3,0
10875,462,0,0,4,0,0,0,0,0,0,0,0
10876,309,0,0,8,0,0,8,86,98,13,26,50
10886,241,0,0,6,40,7,0,65,241,253,0,0
10887,170,0,0,8,41,211,49,104,4,78,150,0
10888,190,0,0,6,4,1,0,4,227,254,0,0
10898,201,0,0,8,0,0,0,39,0,0,24,0
10899,417,0,0,7,0,16,1,0,87,73,0,0
10900,193,0,0,8,0,0,0,0,0,0,0,0
10900,197,0,0,8,0,0,0,0,0,3,187,62
10901,481,0,0,7,0,0,0,0,1,20,224,0
10912,209,0,0,7,0,0,0,0,0,0,0,0
10912,460,0,0,5,0,0,0,0,0,0,0,0
10913,1322,0,0,6,33,36,55,84,92,90,0,0
10914,170,0,0,8,41,211,49,104,0,78,152,0
10924,190,0,0,6,12,1,0,4,227,252,0,0
10925,328,0,0,1,0,0,0,0,0,0,0,0
10925,1912,0,0,7,0,49,0,0,0,0,0,0
10936,510,0,0,8,6,94,143,2,0,0,129,68
10937,170,0,0,8,41,211,49,104,2,78,151,0
10937,241,0,0,6,52,7,0,65,241,252,0,0
10938,170,0,0,8,41,211,49,104,4,78,150,0
10949,190,0,0,6,4,1,0,4,227,254,0,0
10950,193,0,0,8,16,0,0,0,16,0,0,0
10950,197,0,0,8,16,0,0,0,16,3,187,62
10951,352,0,0,5,192,12,142,244,3,0,0,0
10962,208,0,0,8,128,0,128,0,128,0,128,0
10962,840,0,0,5,0,0,0,0,27,0,0,0
10963,298,0,0,8,16,226,112,92,0,0,16,149
10973,608,0,0,8,200,0,0,0,0,0,0,0
10974,609,0,0,6,128,0,0,0,0,0,0,0
10974,462,0,0,4,8,0,7,255,0,0,0,0
10975,510,0,0,8,6,110,143,1,0,0,193,91
10986,866,0,0,4,0,0,0,0,0,0,0,0
10986,241,0,0,6,0,6,0,65,243,255,0,0
10987,170,0,0,8,41,211,49,104,4,78,150,0
10987,1005,0,0,6,0,0,0,0,0,255,0,0
10998,190,0,0,6,4,1,0,4,227,254,0,0
10999,193,0,0,8,32,0,0,0,32,0,0,0
11000,197,0,0,8,32,0,0,0,32,3,187,62
11000,241,0,0,6,28,6,0,65,243,254,0,0
11011,209,0,0,7,64,0,127,255,0,255,0,0
11012,209,0,0,7,128,0,191,254,0,254,0,0
11012,840,0,0,5,0,0,0,0,27,0,0,0
11013,170,0,0,8,41,211,49,104,0,78,152,0
11023,190,0,0,6,12,1,0,4,227,252,0,0
11024,510,0,0,8,6,110,143,1,0,0,1,67
11025,866,0,0,4,0,0,0,0,0,0,0,0
11035,170,0,0,8,41,211,49,104,2,78,151,0
11036,190,0,0,6,0,1,0,4,227,255,0,0
11036,241,0,0,6,28,7,0,65,241,254,0,0
11037,170,0,0,8,41,211,49,104,4,78,150,0
11048,190,0,0,6,4,1,0,4,227,254,0,0
11049,985,0,0,5,2,0,0,0,0,0,0,0
11049,193,0,0,8,48,0,0,0,48,0,0,0
11050,197,0,0,8,48,0,0,0,48,3,187,62
11061,352,0,0,5,192,12,142,244,3,0,0,0
11061,197,0,0,8,0,0,0,0,0,3,187,62
11062,485,0,0,8,92,255,222,112,0,0,2,229
11062,840,0,0,5,0,0,0,0,27,0,0,0
11073,499,0,0,3,64,96,0,0,0,0,0,0
11074,309,0,0,8,0,0,8,86,98,13,26,50
11074,462,0,0,4,16,0,7,254,0,0,0,0
11075,510,0,0,8,6,110,143,2,0,0,65,76
11086,866,0,0,4,0,0,0,0,0,0,0,0
11086,1009,0,0,8,0,255,79,8,19,255,10,155
11087,241,0,0,6,40,6,0,65,243,253,0,0
11097,170,0,0,8,41,211,49,104,4,78,150,0
11098,190,0,0,6,4,1,0,4,227,254,0,0
11099,241,0,0,6,52,7,0,65,241,252,0,0
11099,193,0,0,8,0,0,0,0,0,0,0,0
11110,197,0,0,8,0,0,0,0,0,3,187,62
11111,193,0,0,8,16,0,0,0,16,0,0,0
11112,197,0,0,8,16,0,0,0,16,3,187,62
11112,485,0,0,8,92,255,222,16,0,0,2,133
11123,463,0,0,3,0,0,5,0,0,0,0,0
11123,844,0,0,8,242,148,31,248,3,243,0,0
11124,510,0,0,8,6,110,143,1,0,0,129,83
11124,866,0,0,4,0,0,0,0,0,0,0,0
11135,170,0,0,8,41,211,49,104,2,78,151,0
11136,241,0,0,6,52,7,0,65,241,252,0,0
11137,170,0,0,8,41,211,49,104,4,78,150,0
11137,190,0,0,6,4,1,0,4,227,254,0,0
11148,201,0,0,8,0,0,0,39,0,0,24,0
11149,1001,0,0,8,0,0,0,0,0,0,0,0
11149,193,0,0,8,16,0,0,0,16,0,0,0
11150,197,0,0,8,16,0,0,0,16,3,187,62
11161,352,0,0,5,192,12,142,244,3,0,0,0
11162,197,0,0,8,32,0,0,0,32,3,187,62
11162,489,0,0,8,0,0,0,14,175,248,0,0
11163,298,0,0,8,16,226,112,92,0,0,16,181
11173,608,0,0,8,200,0,0,0,0,0,0,0
11174,844,0,0,8,250,150,31,248,3,244,0,0
11175,462,0,0,4,24,0,7,253,0,0,0,0
11185,510,0,0,8,6,110,143,1,0,0,193,91
11186,866,0,0,4,0,0,0,0,0,0,0,0
11186,241,0,0,6,0,6,0,65,243,255,0,0
11187,170,0,0,8,41,211,49,104,4,78,150,0
11198,190,0,0,6,4,1,0,4,227,254,0,0
11198,241,0,0,6,28,7,0,65,241,254,0,0
11199,193,0,0,8,32,0,0,0,32,0,0,0
11200,197,0,0,8,32,0,0,0,32,3,187,62
11211,481,0,0,7,0,0,0,0,3,28,192,0
11211,193,0,0,8,48,0,0,0,48,0,0,0
11212,209,0,0,7,128,0,191,254,0,254,0,0
11212,460,0,0,5,0,0,0,0,0,0,0,0
11223,499,0,0,3,128,160,0,0,0,0,0,0
11224,510,0,0,8,6,110,143,1,0,0,1,67
11224,866,0,0,4,0,0,0,0,0,0,0,0
11225,170,0,0,8,41,211,49,104,2,78,151,0
11236,190,0,0,6,0,1,0,4,227,255,0,0
11236,241,0,0,6,28,7,0,65,241,254,0,0
11237,1005,0,0,6,0,0,0,0,0,255,0,0
11247,170,0,0,8,41,211,49,104,4,78,150,0
11248,190,0,0,6,4,2,0,4,227,253,0,0
11249,1001,0,0,8,0,0,0,0,0,0,0,0
11250,193,0,0,8,48,0,0,0,48,0,0,0
11260,197,0,0,8,48,0,0,0,48,3,187,62
11261,193,0,0,8,0,0,0,0,0,0,0,0
11262,298,0,0,8,16,226,112,92,0,0,16,133
11262,489,0,0,8,0,0,0,14,175,250,0,0
11273,481,0,0,7,0,0,0,0,1,20,224,0
11274,431,0,0,8,32,0,0,16,0,0,0,255
11274,462,0,0,4,0,0,0,0,0,0,0,0
11275,510,0,0,8,6,110,143,1,0,0,65,75
11285,866,0,0,4,0,0,0,0,0,0,0,0
11286,241,0,0,6,40,6,0,65,243,253,0,0
11286,170,0,0,8,41,211,49,104,4,78,150,0
11287,190,0,0,6,4,1,0,4,227,254,0,0
11298,201,0,0,8,0,0,0,39,0,0,24,0
11298,193,0,0,8,0,0,0,0,0,0,0,0
11299,197,0,0,8,0,0,0,0,0,3,187,62
11300,241,0,0,6,52,7,0,65,241,252,0,0
11311,209,0,0,7,192,0,255,253,0,253,0,0
11311,193,0,0,8,16,0,0,0,16,0,0,0
11312,455,0,0,7,9,110,246,143,0,0,63,0
11312,463,0,0,3,0,0,5,0,0,0,0,0
11323,170,0,0,8,41,211,49,104,0,78,152,0
11324,510,0,0,8,6,110,143,1,0,0,129,83
11324,866,0,0,4,0,0,0,0,0,0,0,0
11325,170,0,0,8,41,211,49,104,2,78,151,0
11336,190,0,0,6,0,1,0,4,227,255,0,0
11336,1009,0,0,8,0,255,79,8,19,255,10,155
11337,241,0,0,6,52,7,0,65,241,252,0,0
11348,170,0,0,8,41,211,49,104,4,78,150,0
11349,190,0,0,6,4,1,0,4,227,254,0,0
11349,1105,0,0,6,0,0,0,0,255,0,0,0
11350,1217,0,0,8,0,194,103,92,155,0,0,0
11361,193,0,0,8,16,0,0,0,16,0,0,0
11362,197,0,0,8,32,0,0,0,32,3,187,62
11362,489,0,0,8,0,0,0,14,175,249,0,0
11363,298,0,0,8,16,226,112,92,0,0,16,149
11374,608,0,0,8,200,0,0,0,0,0,0,0
11374,431,0,0,8,32,0,0,16,0,0,0,255
11375,462,0,0,4,8,0,7,255,0,0,0,0
11375,510,0,0,8,6,110,143,2,0,0,193,92
11386,866,0,0,4,0,0,0,0,0,0,0,0
11386,241,0,0,6,0,6,0,65,243,255,0,0
11387,170,0,0,8,41,211,49,104,4,78,150,0
11398,190,0,0,6,4,1,0,4,227,254,0,0
11399,201,0,0,8,0,0,0,39,0,0,24,0
11399,193,0,0,8,32,0,0,0,32,0,0,0
11400,810,0,0,8,6,141,204,189,107,2,0,142
11411,197,0,0,8,32,0,0,0,32,3,187,62
11411,197,0,0,8,48,0,0,0,48,3,187,62
11412,455,0,0,7,9,110,54,146,0,0,63,0
11412,840,0,0,5,0,0,0,0,27,0,0,0
11423,170,0,0,8,41,211,49,104,0,78,152,0
11424,510,0,0,8,6,110,143,1,0,0,1,67
11424,866,0,0,4,0,0,0,0,0,0,0,0
11425,170,0,0,8,41,211,49,104,2,78,151,0
11436,190,0,0,6,0,1,0,4,227,255,0,0
11436,241,0,0,6,28,6,0,65,243,254,0,0
11437,170,0,0,8,41,211,49,104,4,78,150,0
11448,190,0,0,6,4,2,0,4,227,253,0,0
11448,201,0,0,8,0,0,0,39,0,0,24,0
11449,193,0,0,8,48,0,0,0,48,0,0,0
11450,197,0,0,8,48,0,0,0,48,3,187,62
11450,241,0,0,6,40,6,0,65,243,253,0,0
11461,193,0,0,8,0,0,0,0,0,0,0,0
11462,209,0,0,7,192,0,255,253,0,253,0,0
11462,840,0,0,5,0,0,0,0,27,0,0,0
11473,298,0,0,8,16,226,112,92,0,0,16,165
11474,608,0,0,8,200,0,0,0,0,0,0,0
11474,462,0,0,4,16,0,7,254,0,0,0,0
11475,510,0,0,8,6,110,143,1,0,0,65,75
11485,866,0,0,4,0,0,0,0,0,0,0,0
11486,241,0,0,6,40,7,0,65,241,253,0,0
11486,1005,0,0,6,0,0,0,0,0,255,0,0
11487,170,0,0,8,41,211,49,104,4,78,150,0
11498,190,0,0,6,4,1,0,4,227,254,0,0
11499,241,0,0,6,52,6,0,65,243,252,0,0
11499,193,0,0,8,0,0,0,0,0,0,0,0
11500,481,0,0,7,0,0,0,0,1,20,224,0
11511,197,0,0,8,0,0,0,0,0,3,187,62
11511,197,0,0,8,16,0,0,0,16,3,187,62
11512,455,0,0,7,9,110,118,145,0,0,63,0
11512,840,0,0,5,0,0,0,0,27,0,0,0
11523,170,0,0,8,41,211,49,104,0,78,152,0
11524,510,0,0,8,6,110,143,2,0,0,129,84
11524,866,0,0,4,0,0,0,0,0,0,0,0
11525,170,0,0,8,41,211,49,104,2,78,151,0
11536,190,0,0,6,0,1,0,4,227,255,0,0
11536,241,0,0,6,52,7,0,65,241,252,0,0
11537,170,0,0,8,41,211,49,104,4,78,150,0
11548,190,0,0,6,4,1,0,4,227,254,0,0
11548,201,0,0,8,0,0,0,39,0,0,24,0
11549,193,0,0,8,16,0,0,0,16,0,0,0
11550,197,0,0,8,16,0,0,0,16,3,187,62
11561,352,0,0,5,192,12,142,244,3,0,0,0
11561,193,0,0,8,32,0,0,0,32,0,0,0
11562,209,0,0,7,64,0,127,255,0,255,0,0
11562,840,0,0,5,0,0,0,0,27,0,0,0
11573,298,0,0,8,16,226,112,92,0,0,16,181
11574,499,0,0,3,128,160,0,0,0,0,0,0
11574,462,0,0,4,24,0,7,253,0,0,0,0
11575,510,0,0,8,6,110,143,1,0,0,193,91
11586,866,0,0,4,0,0,0,0,0,0,0,0
11586,241,0,0,6,0,7,0,65,241,255,0,0
11587,170,0,0,8,41,211,49,104,4,78,150,0
11597,190,0,0,6,4,1,0,4,227,254,0,0
11598,201,0,0,8,0,0,0,39,0,0,24,0
11599,241,0,0,6,28,6,0,65,243,254,0,0
11599,193,0,0,8,32,0,0,0,32,0,0,0
11600,499,0,0,3,192,224,0,0,0,0,0,0
11611,193,0,0,8,48,0,0,0,48,0,0,0
11611,197,0,0,8,48,0,0,0,48,3,187,62
11612,485,0,0,8,92,255,222,80,0,0,2,197
11623,170,0,0,8,41,211,49,104,0,78,152,0
11623,190,0,0,6,12,1,0,4,227,252,0,0
11624,510,0,0,8,6,110,143,1,0,0,1,67
11625,866,0,0,4,0,0,0,0,0,0,0,0
11635,170,0,0,8,41,211,49,104,2,78,151,0
11636,462,0,0,4,16,0,7,254,0,0,0,0
11636,241,0,0,6,28,6,0,65,243,254,0,0
11637,170,0,0,8,41,211,49,104,4,78,150,0
11648,190,0,0,6,4,1,0,4,227,254,0,0
11648,1001,0,0,8,0,0,0,0,0,0,0,0
11649,193,0,0,8,48,0,0,0,48,0,0,0
11650,197,0,0,8,48,0,0,0,48,3,187,62
11661,241,0,0,6,40,7,0,65,241,253,0,0
11661,193,0,0,8,0,0,0,0,0,0,0,0
11662,485,0,0,8,92,255,222,112,0,0,2,229
11662,298,0,0,8,16,226,112,92,0,0,16,133
11673,608,0,0,8,200,0,0,0,0,0,0,0
11674,309,0,0,8,0,0,8,86,98,13,26,51
11674,462,0,0,4,0,0,0,0,0,0,0,0
11685,510,0,0,8,6,110,143,1,0,0,65,75
11686,866,0,0,4,0,0,0,0,0,0,0,0
11686,241,0,0,6,40,7,0,65,241,253,0,0
11687,170,0,0,8,41,211,49,104,4,78,150,0
11697,190,0,0,6,4,1,0,4,227,254,0,0
11698,193,0,0,8,0,0,0,0,0,0,0,0
11699,197,0,0,8,0,0,0,0,0,3,187,62
11700,241,0,0,6,52,6,0,65,243,252,0,0
11710,209,0,0,7,192,0,255,253,0,253,0,0
11711,193,0,0,8,16,0,0,0,16,0,0,0
11712,197,0,0,8,16,0,0,0,16,3,187,62
11712,460,0,0,5,0,0,0,0,0,0,0,0
11723,170,0,0,8,41,211,49,104,0,78,152,0
11723,844,0,0,8,242,150,31,249,3,244,0,0
11724,510,0,0,8,6,110,143,1,0,0,129,83
11725,866,0,0,4,0,0,0,0,0,0,0,0
11735,170,0,0,8,41,211,49,104,2,78,151,0
11736,462,0,0,4,24,0,7,253,0,0,0,0
11737,241,0,0,6,52,6,0,65,243,252,0,0
11747,1005,0,0,6,0,0,0,0,0,255,0,0
11748,170,0,0,8,41,211,49,104,4,78,150,0
11749,501,0,0,8,15,15,0,1,0,0,3,0
11749,193,0,0,8,16,0,0,0,16,0,0,0
11760,197,0,0,8,16,0,0,0,16,3,187,62
11761,193,0,0,8,32,0,0,0,32,0,0,0
11762,197,0,0,8,32,0,0,0,32,3,187,62
11762,489,0,0,8,0,0,0,14,175,250,0,0
11773,298,0,0,8,16,226,112,92,0,0,16,149
11774,485,0,0,8,92,255,222,80,0,0,2,197
11774,844,0,0,8,250,151,31,250,3,243,0,0
11775,462,0,0,4,8,0,7,255,0,0,0,0
11785,510,0,0,8,6,110,143,2,0,0,193,92
11786,241,0,0,6,0,6,0,65,243,255,0,0
11787,170,0,0,8,41,211,49,103,4,78,151,0
11797,190,0,0,6,4,1,0,4,227,254,0,0
11798,201,0,0,8,0,0,0,39,0,0,24,0
11799,241,0,0,6,28,7,0,65,241,254,0,0
11799,193,0,0,8,32,0,0,0,32,0,0,0
11810,197,0,0,8,32,0,0,0,32,3,187,62
11811,193,0,0,8,48,0,0,0,48,0,0,0
11811,197,0,0,8,48,0,0,0,48,3,187,62
11812,460,0,0,5,0,0,0,0,0,0,0,0
11823,499,0,0,3,128,160,0,0,0,0,0,0
11823,501,0,0,8,15,15,0,1,0,0,3,0
11824,510,0,0,8,6,94,143,1,0,0,1,51
11824,866,0,0,4,0,0,0,0,0,0,0,0
11835,170,0,0,8,41,211,49,103,2,78,152,0
11836,462,0,0,4,0,0,0,0,0,0,0,0
11836,241,0,0,6,28,6,0,65,243,254,0,0
11837,170,0,0,8,41,211,49,104,4,78,150,0
11848,190,0,0,6,4,1,0,4,227,254,0,0
11849,985,0,0,5,2,0,0,0,0,0,0,0
11849,241,0,0,6,40,7,0,65,241,253,0,0
11850,1919,0,0,7,0,24,0,0,0,0,0,0
11861,1217,0,0,8,0,194,103,92,155,0,0,0
11862,197,0,0,8,0,0,0,0,0,3,187,62
11862,489,0,0,8,0,0,0,14,175,250,0,0
11863,298,0,0,8,16,226,112,92,0,0,16,165
11874,608,0,0,8,200,0,0,0,0,0,0,0
11875,499,0,0,3,0,32,0,0,0,0,0,0
11875,209,0,0,7,0,0,0,0,0,0,0,0
11875,844,0,0,8,234,150,31,250,3,244,0,0
11886,1221,0,0,5,0,0,0,0,0,0,0,0
11887,241,0,0,6,40,7,0,65,241,253,0,0
11887,170,0,0,8,41,211,49,104,4,78,150,0
11888,190,0,0,6,4,1,0,4,227,254,0,0
11899,201,0,0,8,0,0,0,39,0,0,24,0
11900,193,0,0,8,0,0,0,0,0,0,0,0
11900,499,0,0,3,64,96,0,0,0,0,0,0
11901,197,0,0,8,0,0,0,0,0,3,187,62
11912,209,0,0,7,192,0,255,253,0,253,0,0
11912,460,0,0,5,0,0,0,0,0,0,0,0
11913,1914,0,0,7,0,26,0,0,0,0,3,0
11913,1328,0,0,4,0,0,0,0,0,0,0,0
11924,170,0,0,8,41,211,49,103,0,78,153,0
11925,328,0,0,1,0,0,0,0,0,0,0,0
11925,1912,0,0,7,0,49,0,0,0,0,0,0
11926,510,0,0,8,6,110,143,1,0,0,129,83
11936,170,0,0,8,41,211,49,103,2,78,152,0
11937,241,0,0,6,52,7,0,65,241,252,0,0
11937,170,0,0,8,41,211,49,103,4,78,151,0
11948,190,0,0,6,4,1,0,4,227,254,0,0
11949,201,0,0,8,0,0,0,39,0,0,24,0
11950,193,0,0,8,16,0,0,0,16,0,0,0
11950,197,0,0,8,16,0,0,0,16,3,187,62
11961,352,0,0,5,192,12,142,244,3,0,0,0
11962,209,0,0,7,64,0,127,255,0,255,0,0
11962,840,0,0,5,0,0,0,0,27,0,0,0
11963,298,0,0,8,16,226,112,92,0,0,16,181
11973,608,0,0,8,200,0,0,0,0,0,0,0
11974,462,0,0,4,24,0,7,253,0,0,0,0
11974,510,0,0,8,6,110,143,1,0,0,193,91
11975,866,0,0,4,0,0,0,0,0,0,0,0
11986,170,0,0,8,41,211,49,103,2,78,152,0
11986,241,0,0,6,0,6,0,65,243,255,0,0
11987,1005,0,0,6,0,0,0,0,0,255,0,0
11997,170,0,0,8,41,211,49,103,4,78,151,0
11998,190,0,0,6,4,1,0,4,227,254,0,0
11999,193,0,0,8,32,0,0,0,32,0,0,0
12000,810,0,0,8,6,141,204,189,107,2,0,142
12011,197,0,0,8,32,0,0,0,32,3,187,62
12011,193,0,0,8,48,0,0,0,48,0,0,0
12012,481,0,0,7,0,0,0,0,2,24,208,0
12012,485,0,0,8,92,255,222,80,0,0,2,197
12023,170,0,0,8,41,211,49,103,0,78,153,0
12024,501,0,0,8,15,15,0,1,0,0,3,0
12024,510,0,0,8,6,94,143,2,0,0,1,52
12025,866,0,0,4,0,0,0,0,0,0,0,0
12036,170,0,0,8,41,211,49,103,2,78,152,0
12036,241,0,0,6,28,6,0,65,243,254,0,0
12037,170,0,0,8,41,211,49,103,4,78,151,0
12048,190,0,0,6,4,1,0,4,227,254,0,0
12048,201,0,0,8,0,0,0,39,0,0,24,0
12049,501,0,0,8,15,15,0,1,0,0,3,0
12050,193,0,0,8,48,0,0,0,48,0,0,0
12050,197,0,0,8,48,0,0,0,48,3,187,62
12061,193,0,0,8,0,0,0,0,0,0,0,0
12062,298,0,0,8,16,226,112,92,0,0,16,133
12062,489,0,0,8,0,0,0,14,175,249,0,0
12073,608,0,0,8,200,0,0,0,0,0,0,0
12074,609,0,0,6,128,0,0,0,0,0,0,0
12074,462,0,0,4,0,0,0,0,0,0,0,0
12075,510,0,0,8,6,110,143,1,0,0,65,75
12085,866,0,0,4,0,0,0,0,0,0,0,0
12086,1009,0,0,8,0,255,79,8,19,255,10,155
12087,241,0,0,6,40,7,0,65,241,253,0,0
12087,170,0,0,8,41,211,49,103,4,78,151,0
12098,190,0,0,6,4,1,0,4,227,254,0,0
12099,241,0,0,6,52,7,0,65,241,252,0,0
12099,193,0,0,8,0,0,0,0,0,0,0,0
12100,197,0,0,8,0,0,0,0,0,3,187,62
12111,481,0,0,7,0,0,0,0,1,20,224,0
12111,197,0,0,8,16,0,0,0,16,3,187,62
12112,455,0,0,7,9,110,246,143,0,0,63,0
12112,840,0,0,5,0,0,0,0,27,0,0,0
12123,499,0,0,3,0,32,0,0,0,0,0,0
12124,510,0,0,8,6,110,143,2,0,0,129,84
12124,866,0,0,4,0,0,0,0,0,0,0,0
12125,170,0,0,8,41,211,49,103,2,78,152,0
12136,190,0,0,6,0,1,0,4,227,255,0,0
12136,241,0,0,6,52,6,0,65,243,252,0,0
12137,170,0,0,8,41,211,49,103,4,78,151,0
12148,190,0,0,6,4,1,0,4,227,254,0,0
12148,201,0,0,8,0,0,0,39,0,0,24,0
12149,193,0,0,8,16,0,0,0,16,0,0,0
12150,197,0,0,8,16,0,0,0,16,3,187,62
12150,241,0,0,6,0,7,0,65,241,255,0,0
12161,193,0,0,8,32,0,0,0,32,0,0,0
12162,241,0,0,6,28,7,0,65,241,254,0,0
12162,489,0,0,8,0,0,0,14,175,249,0,0
12173,298,0,0,8,16,226,112,92,0,0,16,149
12174,608,0,0,8,200,0,0,0,0,0,0,0
12174,844,0,0,8,250,150,31,249,3,243,0,0
12175,462,0,0,4,8,0,7,255,0,0,0,0
12185,510,0,0,8,6,110,143,1,0,0,193,91
12186,241,0,0,6,0,7,0,65,241,255,0,0
12186,170,0,0,8,41,211,49,103,4,78,151,0
12187,190,0,0,6,4,2,0,4,227,253,0,0
12198,201,0,0,8,0,0,0,39,0,0,24,0
12199,193,0,0,8,32,0,0,0,32,0,0,0
12199,197,0,0,8,32,0,0,0,32,3,187,62
12200,241,0,0,6,28,7,0,65,241,254,0,0
12211,209,0,0,7,64,0,127,255,0,255,0,0
12211,197,0,0,8,48,0,0,0,48,3,187,62
12212,460,0,0,5,0,0,0,0,0,0,0,0
12223,170,0,0,8,41,211,49,104,0,78,152,0
12223,190,0,0,6,12,1,0,4,227,252,0,0
12224,510,0,0,8,6,110,143,2,0,0,1,68
12224,866,0,0,4,0,0,0,0,0,0,0,0
12235,170,0,0,8,41,211,49,104,2,78,151,0
12236,462,0,0,4,0,0,0,0,0,0,0,0
12236,241,0,0,6,28,6,0,65,243,254,0,0
12237,1005,0,0,6,0,0,0,0,0,255,0,0
12248,170,0,0,8,41,211,49,104,4,78,150,0
12248,501,0,0,8,15,15,0,1,0,0,3,0
12249,193,0,0,8,48,0,0,0,48,0,0,0
12250,352,0,0,5,192,12,142,244,3,0,0,0
12261,197,0,0,8,48,0,0,0,48,3,187,62
12261,193,0,0,8,0,0,0,0,0,0,0,0
12262,209,0,0,7,192,0,255,253,0,253,0,0
12262,298,0,0,8,16,226,112,92,0,0,16,165
12273,608,0,0,8,200,0,0,0,0,0,0,0
12274,309,0,0,8,0,0,8,86,98,13,26,51
12274,462,0,0,4,16,0,7,254,0,0,0,0
12275,510,0,0,8,6,110,143,1,0,0,65,75
12286,866,0,0,4,0,0,0,0,0,0,0,0
12286,241,0,0,6,40,7,0,65,241,253,0,0
12287,170,0,0,8,41,211,49,104,4,78,150,0
12297,190,0,0,6,4,1,0,4,227,254,0,0
12298,201,0,0,8,0,0,0,39,0,0,24,0
12299,193,0,0,8,0,0,0,0,0,0,0,0
12300,197,0,0,8,0,0,0,0,0,3,187,62
12300,241,0,0,6,52,6,0,65,243,252,0,0
12311,193,0,0,8,16,0,0,0,16,0,0,0
12312,481,0,0,7,0,0,0,0,0,16,240,0
12312,455,0,0,7,9,110,118,145,0,0,63,0
12323,170,0,0,8,41,211,49,104,0,78,152,0
12324,190,0,0,6,12,1,0,4,227,252,0,0
12324,510,0,0,8,6,110,143,1,0,0,129,83
12325,866,0,0,4,0,0,0,0,0,0,0,0
12335,170,0,0,8,41,211,49,104,2,78,151,0
12336,1105,0,0,6,0,0,0,0,255,0,0,0
12337,241,0,0,6,52,7,0,65,241,252,0,0
12338,170,0,0,8,41,211,49,103,4,78,151,0
12349,190,0,0,6,4,1,0,4,227,254,0,0
12349,1001,0,0,8,0,0,0,0,0,0,0,0
12350,1225,0,0,7,64,89,0,0,16,0,0,0
12350,193,0,0,8,16,0,0,0,16,0,0,0
12361,197,0,0,8,16,0,0,0,16,3,187,62
12362,485,0,0,8,92,255,222,48,0,0,2,165
12363,298,0,0,8,16,226,112,92,0,0,16,181
12363,608,0,0,8,200,0,0,0,0,0,0,0
12374,609,0,0,6,128,0,0,0,0,0,0,0
12375,844,0,0,8,250,150,31,249,3,243,0,0
12375,462,0,0,4,24,0,7,253,0,0,0,0
12386,510,0,0,8,6,110,143,1,0,0,193,91
12386,866,0,0,4,0,0,0,0,0,0,0,0
12387,241,0,0,6,0,6,0,65,243,255,0,0
12387,170,0,0,8,41,211,49,103,4,78,151,0
12398,190,0,0,6,4,1,0,4,227,254,0,0
12399,193,0,0,8,32,0,0,0,32,0,0,0
12400,197,0,0,8,32,0,0,0,32,3,187,62
12400,481,0,0,7,0,0,0,0,3,28,192,0
12411,209,0,0,7,64,0,127,255,0,255,0,0
12412,209,0,0,7,128,0,191,254,0,254,0,0
12412,463,0,0,3,0,0,5,0,0,0,0,0
12413,499,0,0,3,128,160,0,0,0,0,0,0
12423,170,0,0,8,41,211,49,103,0,78,153,0
12424,510,0,0,8,6,110,143,2,0,0,1,68
12424,866,0,0,4,0,0,0,0,0,0,0,0
12435,170,0,0,8,41,211,49,103,2,78,152,0
12436,190,0,0,6,0,1,0,4,227,255,0,0
12436,241,0,0,6,28,6,0,65,243,254,0,0
12437,170,0,0,8,41,211,49,103,4,78,151,0
12448,190,0,0,6,4,1,0,4,227,254,0,0
12448,501,0,0,8,15,15,0,1,0,0,3,0
12449,193,0,0,8,48,0,0,0,48,0,0,0
12450,197,0,0,8,48,0,0,0,48,3,187,62
12461,241,0,0,6,40,7,0,65,241,253,0,0
12461,193,0,0,8,0,0,0,0,0,0,0,0
12462,485,0,0,8,92,255,222,112,0,0,2,229
12463,298,0,0,8,16,226,112,92,0,0,16,133
12473,608,0,0,8,200,0,0,0,0,0,0,0
12474,501,0,0,8,15,15,0,1,0,0,3,0
12474,462,0,0,4,0,0,0,0,0,0,0,0
12475,510,0,0,8,6,110,139,2,0,0,65,72
12486,866,0,0,4,0,0,0,0,0,0,0,0
12486,241,0,0,6,40,7,0,65,241,253,0,0
12487,1005,0,0,6,0,0,0,0,0,255,0,0
12487,170,0,0,8,41,211,49,103,4,78,151,0
12498,190,0,0,6,4,1,0,4,227,254,0,0
12499,193,0,0,8,0,0,0,0,0,0,0,0
12500,499,0,0,3,64,96,0,0,0,0,0,0
12500,197,0,0,8,0,0,0,0,0,3,187,62
12511,209,0,0,7,192,0,255,253,0,253,0,0
12512,209,0,0,7,0,0,0,0,0,0,0,0
12512,485,0,0,8,92,255,222,16,0,0,2,133
12513,170,0,0,8,41,211,49,103,0,78,153,0
12524,190,0,0,6,12,2,0,4,227,251,0,0
12524,510,0,0,8,6,110,143,2,0,0,129,84
12525,866,0,0,4,0,0,0,0,0,0,0,0
12535,170,0,0,8,41,211,49,103,2,78,152,0
12536,190,0,0,6,0,1,0,4,227,255,0,0
12536,241,0,0,6,52,6,0,65,243,252,0,0
12537,170,0,0,8,41,211,49,103,4,78,151,0
12548,190,0,0,6,4,1,0,4,227,254,0,0
12548,1001,0,0,8,0,0,0,0,0,0,0,0
12549,193,0,0,8,16,0,0,0,16,0,0,0
12550,197,0,0,8,16,0,0,0,16,3,187,62
12561,241,0,0,6,0,6,0,65,243,255,0,0
12561,193,0,0,8,32,0,0,0,32,0,0,0
12562,485,0,0,8,92,255,222,48,0,0,2,165
12563,298,0,0,8,16,226,112,92,0,0,16,149
12573,608,0,0,8,200,0,0,0,0,0,0,0
12574,501,0,0,8,15,15,0,1,0,0,3,0
12575,462,0,0,4,8,0,7,255,0,0,0,0
12575,510,0,0,8,6,110,143,1,0,0,193,91
12586,866,0,0,4,0,0,0,0,0,0,0,0
12586,241,0,0,6,0,7,0,65,241,255,0,0
12587,170,0,0,8,41,211,49,103,4,78,151,0
12598,190,0,0,6,4,1,0,4,227,254,0,0
12598,201,0,0,8,0,0,0,39,0,0,24,0
12599,193,0,0,8,32,0,0,0,32,0,0,0
12600,197,0,0,8,32,0,0,0,32,3,187,62
12611,241,0,0,6,28,7,0,65,241,254,0,0
12611,193,0,0,8,48,0,0,0,48,0,0,0
12612,209,0,0,7,128,0,191,254,0,254,0,0
12612,485,0,0,8,92,255,221,80,0,0,2,196
12623,481,0,0,7,0,0,0,0,2,24,208,0
12624,510,0,0,8,6,110,143,1,0,0,1,67
12624,866,0,0,4,0,0,0,0,0,0,0,0
12625,170,0,0,8,41,211,49,103,2,78,152,0
12636,190,0,0,6,0,1,0,4,227,255,0,0
12636,241,0,0,6,28,7,0,65,241,254,0,0
12637,170,0,0,8,41,211,49,103,4,78,151,0
12647,190,0,0,6,4,1,0,4,227,254,0,0
12648,201,0,0,8,0,0,0,39,0,0,24,0
12649,1001,0,0,8,0,0,0,0,0,0,0,0
12650,193,0,0,8,48,0,0,0,48,0,0,0
12650,197,0,0,8,48,0,0,0,48,3,187,62
12661,193,0,0,8,0,0,0,0,0,0,0,0
12662,298,0,0,8,16,226,112,92,0,0,16,165
12662,489,0,0,8,0,0,0,14,175,249,0,0
12663,608,0,0,8,200,0,0,0,0,0,0,0
12674,609,0,0,6,128,0,0,0,0,0,0,0
12674,462,0,0,4,16,0,7,254,0,0,0,0
12675,510,0,0,8,6,110,143,2,0,0,65,76
12685,866,0,0,4,0,0,0,0,0,0,0,0
12686,170,0,0,8,41,211,49,103,2,78,152,0
12686,241,0,0,6,40,7,0,65,241,253,0,0
12687,170,0,0,8,41,211,49,103,4,78,151,0
12698,190,0,0,6,4,2,0,4,227,253,0,0
12698,193,0,0,8,0,0,0,0,0,0,0,0
12699,197,0,0,8,0,0,0,0,0,3,187,62
12700,241,0,0,6,52,7,0,65,241,252,0,0
12711,209,0,0,7,192,0,255,253,0,253,0,0
12711,193,0,0,8,16,0,0,0,16,0,0,0
12712,460,0,0,5,0,0,0,0,0,0,0,0
12712,840,0,0,5,0,0,0,0,27,0,0,0
12723,499,0,0,3,0,32,0,0,0,0,0,0
12724,510,0,0,8,6,94,143,1,0,0,129,67
12724,866,0,0,4,0,0,0,0,0,0,0,0
12725,170,0,0,8,41,211,49,103,2,78,152,0
12736,190,0,0,6,0,1,0,4,227,255,0,0
12736,1105,0,0,6,0,0,0,0,255,0,0,0
12737,241,0,0,6,52,7,0,65,241,252,0,0
12737,1005,0,0,6,0,0,0,0,0,255,0,0
12748,170,0,0,8,41,211,49,103,4,78,151,0
12749,241,0,0,6,0,7,0,65,241,255,0,0
12749,193,0,0,8,16,0,0,0,16,0,0,0
12750,197,0,0,8,16,0,0,0,16,3,187,62
12761,352,0,0,5,192,12,142,244,3,0,0,0
12762,197,0,0,8,32,0,0,0,32,3,187,62
12762,489,0,0,8,0,0,0,14,175,250,0,0
12773,481,0,0,7,0,0,0,0,3,28,192,0
12773,608,0,0,8,200,0,0,0,0,0,0,0
12774,462,0,0,4,24,0,7,253,0,0,0,0
12774,510,0,0,8,6,110,143,2,0,0,193,92
12785,866,0,0,4,0,0,0,0,0,0,0,0
12786,241,0,0,6,0,6,0,65,243,255,0,0
12786,170,0,0,8,41,211,49,105,4,78,149,0
12787,190,0,0,6,4,1,0,4,227,254,0,0
12798,201,0,0,8,0,0,0,39,0,0,24,0
12798,241,0,0,6,28,6,0,65,243,254,0,0
12799,193,0,0,8,32,0,0,0,32,0,0,0
12800,499,0,0,3,192,224,0,0,0,0,0,0
12810,197,0,0,8,32,0,0,0,32,3,187,62
12811,193,0,0,8,48,0,0,0,48,0,0,0
12812,460,0,0,5,0,0,0,0,0,0,0,0
12812,485,0,0,8,92,255,222,80,0,0,2,197
12823,170,0,0,8,41,211,49,105,0,78,151,0
12824,501,0,0,8,15,15,0,1,0,0,3,0
12824,510,0,0,8,6,94,143,2,0,0,1,52
12825,866,0,0,4,0,0,0,0,0,0,0,0
12836,170,0,0,8,41,211,49,105,2,78,150,0
12836,1009,0,0,8,0,255,79,8,19,255,10,155
12837,241,0,0,6,28,7,0,65,241,254,0,0
12838,170,0,0,8,41,211,49,104,4,78,150,0
12849,190,0,0,6,4,1,0,4,227,254,0,0
12849,1001,0,0,8,0,0,0,0,0,0,0,0
12850,1919,0,0,7,0,24,0,0,0,0,0,0
12851,193,0,0,8,48,0,0,0,48,0,0,0
12862,197,0,0,8,48,0,0,0,48,3,187,62
12862,489,0,0,8,0,0,0,14,175,249,0,0
12863,298,0,0,8,16,226,112,92,0,0,16,133
12874,608,0,0,8,200,0,0,0,0,0,0,0
12875,609,0,0,6,128,0,0,0,0,0,0,0
12875,1265,0,0,8,66,52,2,52,0,142,0,151
12876,462,0,0,4,0,0,0,0,0,0,0,0
12886,1221,0,0,5,0,0,0,0,0,0,0,0
12887,241,0,0,6,40,7,0,65,241,253,0,0
12887,170,0,0,8,41,211,49,104,4,78,150,0
12888,190,0,0,6,4,1,0,4,227,254,0,0
12899,201,0,0,8,0,0,0,39,0,0,24,0
12900,193,0,0,8,0,0,0,0,0,0,0,0
12900,810,0,0,8,6,141,204,189,107,2,0,142
12901,197,0,0,8,0,0,0,0,0,3,187,62
12912,209,0,0,7,192,0,255,253,0,253,0,0
12912,455,0,0,7,9,110,246,143,0,0,63,0
12913,840,0,0,5,0,0,0,0,27,0,0,0
12914,481,0,0,7,0,0,0,0,0,16,240,0
12924,170,0,0,8,41,211,49,104,0,78,152,0
12925,328,0,0,1,0,0,0,0,0,0,0,0
12925,1912,0,0,7,0,49,0,0,0,0,0,0
12926,510,0,0,8,6,110,143,2,0,0,129,84
12937,170,0,0,8,41,211,49,104,2,78,151,0
12937,241,0,0,6,52,6,0,65,243,252,0,0
12938,170,0,0,8,41,211,49,104,4,78,150,0
12949,190,0,0,6,4,1,0,4,227,254,0,0
12949,201,0,0,8,0,0,0,39,0,0,24,0
12950,193,0,0,8,16,0,0,0,16,0,0,0
12950,197,0,0,8,16,0,0,0,16,3,187,62
12961,352,0,0,5,192,12,142,244,3,0,0,0
12962,485,0,0,8,92,255,222,48,0,0,2,165
12962,298,0,0,8,16,226,112,92,0,0,16,149
12963,608,0,0,8,200,0,0,0,0,0,0,0
12974,609,0,0,6,128,0,0,0,0,0,0,0
12974,462,0,0,4,8,0,7,255,0,0,0,0
12975,510,0,0,8,6,126,143,2,0,0,193,108
12975,866,0,0,4,0,0,0,0,0,0,0,0
12986,170,0,0,8,41,211,49,104,2,78,151,0
12987,241,0,0,6,0,6,0,65,243,255,0,0
12987,1005,0,0,6,0,0,0,0,0,255,0,0
12998,170,0,0,8,41,211,49,104,4,78,150,0
12999,190,0,0,6,4,1,0,4,227,254,0,0
12999,193,0,0,8,32,0,0,0,32,0,0,0
13000,197,0,0,8,32,0,0,0,32,3,187,62
13011,241,0,0,6,28,7,0,65,241,254,0,0
13011,197,0,0,8,48,0,0,0,48,3,187,62
13012,455,0,0,7,9,110,54,146,0,0,63,0
13012,840,0,0,5,0,0,0,0,27,0,0,0
13023,170,0,0,8,41,211,49,104,0,78,152,0
13024,510,0,0,8,6,110,143,2,0,0,1,68
13024,866,0,0,4,0,0,0,0,0,0,0,0
13025,170,0,0,8,41,211,49,104,2,78,151,0
13036,190,0,0,6,0,1,0,4,227,255,0,0
13036,241,0,0,6,28,7,0,65,241,254,0,0
13037,170,0,0,8,41,211,49,104,4,78,150,0
13048,190,0,0,6,4,1,0,4,227,254,0,0
13048,201,0,0,8,0,0,0,39,0,0,24,0
13049,193,0,0,8,48,0,0,0,48,0,0,0
13050,197,0,0,8,48,0,0,0,48,3,187,62
13060,241,0,0,6,40,7,0,65,241,253,0,0
13061,193,0,0,8,0,0,0,0,0,0,0,0
13062,298,0,0,8,16,226,112,92,0,0,16,165
13062,489,0,0,8,0,0,0,14,175,249,0,0
13073,481,0,0,7,0,0,0,0,1,20,224,0
13074,501,0,0,8,15,15,0,1,0,0,3,0
13074,462,0,0,4,16,0,7,254,0,0,0,0
13075,510,0,0,8,6,110,143,1,0,0,65,75
13085,866,0,0,4,0,0,0,0,0,0,0,0
13086,241,0,0,6,40,6,0,65,243,253,0,0
13086,170,0,0,8,41,211,49,104,4,78,150,0
13087,190,0,0,6,4,1,0,4,227,254,0,0
13098,201,0,0,8,0,0,0,39,0,0,24,0
13099,1020,0,0,8,72,24,112,163,155,0,163,155
13100,193,0,0,8,0,0,0,0,0,0,0,0
13100,197,0,0,8,0,0,0,0,0,3,187,62
13111,241,0,0,6,52,7,0,65,241,252,0,0
13111,197,0,0,8,16,0,0,0,16,3,187,62
13112,455,0,0,7,9,110,118,145,0,0,63,0
13113,170,0,0,8,41,211,49,104,0,78,152,0
13123,190,0,0,6,12,1,0,4,227,252,0,0
13124,510,0,0,8,6,110,143,2,0,0,129,84
13125,866,0,0,4,0,0,0,0,0,0,0,0
13135,170,0,0,8,41,211,49,104,2,78,151,0
13136,190,0,0,6,0,1,0,4,227,255,0,0
13136,241,0,0,6,52,6,0,65,243,252,0,0
13137,170,0,0,8,41,211,49,104,4,78,150,0
13148,190,0,0,6,4,1,0,4,227,254,0,0
13148,985,0,0,5,2,0,0,0,0,0,0,0
13149,193,0,0,8,16,0,0,0,16,0,0,0
13150,197,0,0,8,16,0,0,0,16,3,187,62
13161,241,0,0,6,0,6,0,65,243,255,0,0
13161,193,0,0,8,32,0,0,0,32,0,0,0
13162,485,0,0,8,92,255,222,48,0,0,2,165
13162,840,0,0,5,0,0,0,0,27,0,0,0
13173,298,0,0,8,16,226,112,92,0,0,16,181
13174,309,0,0,8,0,0,8,86,98,13,26,52
13174,462,0,0,4,24,0,7,253,0,0,0,0
13185,510,0,0,8,6,110,143,1,0,0,193,91
13186,866,0,0,4,0,0,0,0,0,0,0,0
13186,241,0,0,6,0,6,0,65,243,255,0,0
13187,170,0,0,8,41,211,49,104,4,78,150,0
13197,190,0,0,6,4,1,0,4,227,254,0,0
13198,241,0,0,6,28,7,0,65,241,254,0,0
13199,193,0,0,8,32,0,0,0,32,0,0,0
13199,197,0,0,8,32,0,0,0,32,3,187,62
13210,810,0,0,8,6,141,204,189,107,2,0,142
13211,193,0,0,8,48,0,0,0,48,0,0,0
13212,197,0,0,8,48,0,0,0,48,3,187,62
13212,455,0,0,7,9,110,182,144,0,0,63,0
13223,840,0,0,5,0,0,0,0,27,0,0,0
13224,501,0,0,8,15,15,0,1,0,0,3,0
13224,510,0,0,8,6,110,143,1,0,0,1,67
13225,866,0,0,4,0,0,0,0,0,0,0,0
13235,170,0,0,8,41,211,49,104,2,78,151,0
13236,241,0,0,6,28,7,0,65,241,254,0,0
13237,1005,0,0,6,0,0,0,0,0,255,0,0
13247,170,0,0,8,41,211,49,104,4,78,150,0
13248,190,0,0,6,4,1,0,4,227,254,0,0
13249,501,0,0,8,15,15,0,1,0,0,3,0
13249,193,0,0,8,48,0,0,0,48,0,0,0
13260,197,0,0,8,48,0,0,0,48,3,187,62
13261,193,0,0,8,0,0,0,0,0,0,0,0
13262,197,0,0,8,0,0,0,0,0,3,187,62
13262,485,0,0,8,92,255,221,112,0,0,2,228
13273,298,0,0,8,16,226,112,92,0,0,16,133
13274,485,0,0,8,92,255,222,16,0,0,2,133
13274,844,0,0,8,234,149,31,250,3,243,0,0
13275,462,0,0,4,0,0,0,0,0,0,0,0
13285,510,0,0,8,6,110,143,1,0,0,65,75
13286,241,0,0,6,40,6,0,65,243,253,0,0
13287,170,0,0,8,41,211,49,104,4,78,150,0
13297,190,0,0,6,4,1,0,4,227,254,0,0
13298,201,0,0,8,0,0,0,39,0,0,24,0
13299,241,0,0,6,52,7,0,65,241,252,0,0
13299,193,0,0,8,0,0,0,0,0,0,0,0
13300,197,0,0,8,0,0,0,0,0,3,187,62
13311,193,0,0,8,16,0,0,0,16,0,0,0
13311,197,0,0,8,16,0,0,0,16,3,187,62
13312,455,0,0,7,9,110,246,143,0,0,63,0
13323,170,0,0,8,41,211,49,104,0,78,152,0
13323,190,0,0,6,12,1,0,4,227,252,0,0
13324,510,0,0,8,6,110,143,2,0,0,129,84
13324,866,0,0,4,0,0,0,0,0,0,0,0
13335,170,0,0,8,41,211,49,104,2,78,151,0
13336,462,0,0,4,24,0,7,253,0,0,0,0
13337,241,0,0,6,52,7,0,65,241,252,0,0
13337,170,0,0,8,41,211,49,104,4,78,150,0
13348,190,0,0,6,4,1,0,4,227,254,0,0
13349,501,0,0,8,15,15,0,1,0,0,3,0
13350,1017,0,0,8,0,0,0,0,79,0,232,66
13350,1020,0,0,8,72,24,112,163,155,0,163,155
13361,193,0,0,8,16,0,0,0,16,0,0,0
13362,209,0,0,7,64,0,127,255,0,255,0,0
13363,840,0,0,5,0,0,0,0,27,0,0,0
13363,298,0,0,8,16,226,112,92,0,0,16,149
13374,608,0,0,8,200,0,0,0,0,0,0,0
13374,844,0,0,8,250,152,31,250,3,244,0,0
13375,462,0,0,4,8,0,7,255,0,0,0,0
13386,510,0,0,8,6,110,143,1,0,0,193,91
13386,866,0,0,4,0,0,0,0,0,0,0,0
13387,241,0,0,6,0,6,0,65,243,255,0,0
13387,170,0,0,8,41,211,49,104,4,78,150,0
13398,190,0,0,6,4,1,0,4,227,254,0,0
13399,241,0,0,6,28,7,0,65,241,254,0,0
13400,193,0,0,8,32,0,0,0,32,0,0,0
13400,499,0,0,3,192,224,0,0,0,0,0,0
13411,197,0,0,8,32,0,0,0,32,3,187,62
13411,241,0,0,6,40,7,0,65,241,253,0,0
13412,463,0,0,3,0,0,5,0,0,0,0,0
13412,170,0,0,8,41,211,49,104,0,78,152,0
13423,190,0,0,6,12,1,0,4,227,252,0,0
13424,510,0,0,8,6,110,143,1,0,0,1,67
13424,866,0,0,4,0,0,0,0,0,0,0,0
13425,170,0,0,8,41,211,49,104,2,78,151,0
13436,190,0,0,6,0,1,0,4,227,255,0,0
13436,241,0,0,6,28,7,0,65,241,254,0,0
13437,170,0,0,8,41,211,49,104,4,78,150,0
13448,190,0,0,6,4,1,0,4,227,254,0,0
13448,201,0,0,8,0,0,0,39,0,0,24,0
13449,193,0,0,8,48,0,0,0,48,0,0,0
13450,197,0,0,8,48,0,0,0,48,3,187,62
13461,241,0,0,6,40,6,0,65,243,253,0,0
13461,193,0,0,8,0,0,0,0,0,0,0,0
13462,209,0,0,7,192,0,255,253,0,253,0,0
13462,840,0,0,5,0,0,0,0,27,0,0,0
13473,298,0,0,8,16,226,112,92,0,0,16,165
13474,309,0,0,8,0,0,8,86,98,13,26,52
13474,462,0,0,4,16,0,7,254,0,0,0,0
13475,510,0,0,8,6,110,143,2,0,0,65,76
13485,866,0,0,4,0,0,0,0,0,0,0,0
13486,241,0,0,6,40,6,0,65,243,253,0,0
13486,1005,0,0,6,0,0,0,0,0,255,0,0
13487,170,0,0,8,41,211,49,104,4,78,150,0
13498,190,0,0,6,4,1,0,4,227,254,0,0
13499,241,0,0,6,52,6,0,65,243,252,0,0
13499,193,0,0,8,0,0,0,0,0,0,0,0
13510,810,0,0,8,6,141,204,189,107,2,0,142
13511,197,0,0,8,0,0,0,0,0,3,187,62
13511,197,0,0,8,16,0,0,0,16,3,187,62
13512,463,0,0,3,0,0,5,0,0,0,0,0
13523,485,0,0,8,92,255,221,16,0,0,2,132
13523,501,0,0,8,15,15,0,1,0,0,3,0
13524,510,0,0,8,6,110,143,1,0,0,129,83
13524,866,0,0,4,0,0,0,0,0,0,0,0
13535,170,0,0,8,41,211,49,104,2,78,151,0
13536,462,0,0,4,8,0,7,255,0,0,0,0
13536,241,0,0,6,52,6,0,65,243,252,0,0
13537,170,0,0,8,41,211,49,104,4,78,150,0
13548,190,0,0,6,4,1,0,4,227,254,0,0
13548,501,0,0,8,15,15,0,1,0,0,3,0
13549,193,0,0,8,16,0,0,0,16,0,0,0
13550,460,0,0,5,0,0,0,0,0,0,0,0
13561,197,0,0,8,16,0,0,0,16,3,187,62
13561,193,0,0,8,32,0,0,0,32,0,0,0
13562,209,0,0,7,64,0,127,255,0,255,0,0
13562,298,0,0,8,16,226,112,92,0,0,16,181
13573,608,0,0,8,200,0,0,0,0,0,0,0
13574,481,0,0,7,0,0,0,0,2,24,208,0
13574,462,0,0,4,24,0,7,253,0,0,0,0
13575,510,0,0,8,6,110,143,1,0,0,193,91
13586,866,0,0,4,0,0,0,0,0,0,0,0
13586,241,0,0,6,0,7,0,65,241,255,0,0
13587,170,0,0,8,41,211,49,104,4,78,150,0
13598,190,0,0,6,4,1,0,4,227,254,0,0
13598,201,0,0,8,0,0,0,39,0,0,24,0
13599,193,0,0,8,32,0,0,0,32,0,0,0
13600,197,0,0,8,32,0,0,0,32,3,187,62
13611,481,0,0,7,0,0,0,0,3,28,192,0
13611,193,0,0,8,48,0,0,0,48,0,0,0
13612,209,0,0,7,128,0,191,254,0,254,0,0
13612,485,0,0,8,92,255,222,80,0,0,2,197
13623,499,0,0,3,128,160,0,0,0,0,0,0
13624,510,0,0,8,6,110,143,1,0,0,1,67
13624,866,0,0,4,0,0,0,0,0,0,0,0
13625,170,0,0,8,41,211,49,104,2,78,151,0
13636,190,0,0,6,0,1,0,4,227,255,0,0
13636,1105,0,0,6,0,0,0,0,255,0,0,0
13637,241,0,0,6,28,6,0,65,243,254,0,0
13637,170,0,0,8,41,211,49,104,4,78,150,0
13648,190,0,0,6,4,1,0,4,227,254,0,0
13649,1001,0,0,8,0,0,0,0,0,0,0,0
13650,193,0,0,8,48,0,0,0,48,0,0,0
13650,460,0,0,5,0,0,0,0,0,0,0,0
13661,197,0,0,8,48,0,0,0,48,3,187,62
13662,298,0,0,8,16,226,112,92,0,0,16,133
13662,489,0,0,8,0,0,0,14,175,248,0,0
13663,481,0,0,7,0,0,0,0,1,20,224,0
13673,608,0,0,8,200,0,0,0,0,0,0,0
13674,501,0,0,8,15,15,0,1,0,0,3,0
13674,462,0,0,4,0,0,0,0,0,0,0,0
13675,510,0,0,8,6,110,139,1,0,0,65,71
13686,866,0,0,4,0,0,0,0,0,0,0,0
13686,241,0,0,6,40,6,0,65,243,253,0,0
13687,170,0,0,8,41,211,49,104,4,78,150,0
13698,190,0,0,6,4,1,0,4,227,254,0,0
13698,201,0,0,8,0,0,0,39,0,0,24,0
13699,193,0,0,8,0,0,0,0,0,0,0,0
13700,499,0,0,3,64,96,0,0,0,0,0,0
13700,197,0,0,8,0,0,0,0,0,3,187,62
13711,193,0,0,8,16,0,0,0,16,0,0,0
13712,209,0,0,7,0,0,0,0,0,0,0,0
13712,485,0,0,8,92,255,222,16,0,0,2,133
13713,170,0,0,8,41,211,49,104,0,78,152,0
13724,190,0,0,6,12,1,0,4,227,252,0,0
13724,510,0,0,8,6,110,143,1,0,0,129,83
13725,866,0,0,4,0,0,0,0,0,0,0,0
13735,170,0,0,8,41,211,49,104,2,78,151,0
13736,190,0,0,6,0,1,0,4,227,255,0,0
13737,241,0,0,6,52,6,0,65,243,252,0,0
13737,1005,0,0,6,0,0,0,0,0,255,0,0
13748,170,0,0,8,41,211,49,104,4,78,150,0
13749,501,0,0,8,15,15,0,1,0,0,3,0
13749,193,0,0,8,16,0,0,0,16,0,0,0
13750,460,0,0,5,0,0,0,0,0,0,0,0
13761,197,0,0,8,16,0,0,0,16,3,187,62
13761,197,0,0,8,32,0,0,0,32,3,187,62
13762,485,0,0,8,92,255,222,48,0,0,2,165
13763,499,0,0,3,192,224,0,0,0,0,0,0
13773,608,0,0,8,200,0,0,0,0,0,0,0
13774,462,0,0,4,8,0,7,255,0,0,0,0
13774,510,0,0,8,6,110,143,1,0,0,193,91
13775,866,0,0,4,0,0,0,0,0,0,0,0
13785,170,0,0,8,41,211,49,104,2,78,151,0
13786,241,0,0,6,0,7,0,65,241,255,0,0
13787,170,0,0,8,41,211,49,104,4,78,150,0
13797,190,0,0,6,4,1,0,4,227,254,0,0
13798,201,0,0,8,0,0,0,39,0,0,24,0
13799,241,0,0,6,28,7,0,65,241,254,0,0
13800,193,0,0,8,32,0,0,0,32,0,0,0
13810,197,0,0,8,32,0,0,0,32,3,187,62
13811,193,0,0,8,48,0,0,0,48,0,0,0
13812,197,0,0,8,48,0,0,0,48,3,187,62
13812,455,0,0,7,9,110,54,146,0,0,63,0
13823,170,0,0,8,41,211,49,104,0,78,152,0
13824,501,0,0,8,15,15,0,1,0,0,3,0
13824,510,0,0,8,6,110,143,2,0,0,1,68
13825,866,0,0,4,0,0,0,0,0,0,0,0
13836,170,0,0,8,41,211,49,104,2,78,151,0
13836,1105,0,0,6,0,0,0,0,255,0,0,0
13837,241,0,0,6,28,7,0,65,241,254,0,0
13838,170,0,0,8,41,211,49,104,4,78,150,0
13849,190,0,0,6,4,1,0,4,227,254,0,0
13849,501,0,0,8,15,15,0,1,0,0,3,0
13850,1225,0,0,7,64,89,0,0,16,0,0,0
13851,1020,0,0,8,72,24,112,163,155,0,163,155
13862,193,0,0,8,48,0,0,0,48,0,0,0
13862,489,0,0,8,0,0,0,14,175,250,0,0
13863,298,0,0,8,16,226,112,92,0,0,16,165
13874,608,0,0,8,200,0,0,0,0,0,0,0
13874,609,0,0,6,128,0,0,0,0,0,0,0
13875,455,0,0,7,9,110,246,143,0,0,63,0
13876,462,0,0,4,16,0,7,254,0,0,0,0
13886,510,0,0,8,6,110,143,1,0,0,65,75
13887,241,0,0,6,40,6,0,65,243,253,0,0
13887,170,0,0,8,41,211,49,104,4,78,150,0
13888,190,0,0,6,4,1,0,4,227,254,0,0
13899,201,0,0,8,0,0,0,39,0,0,24,0
13900,193,0,0,8,0,0,0,0,0,0,0,0
13900,481,0,0,7,0,0,0,0,1,20,224,0
13901,197,0,0,8,0,0,0,0,0,3,187,62
13912,209,0,0,7,192,0,255,253,0,253,0,0
13912,455,0,0,7,9,110,118,145,0,0,63,0
13913,1323,0,0,4,53,51,168,58,0,0,0,0
13913,170,0,0,8,41,211,49,104,0,78,152,0
13924,190,0,0,6,12,1,0,4,227,252,0,0
13925,328,0,0,1,0,0,0,0,0,0,0,0
13925,1912,0,0,7,0,49,0,0,0,0,0,0
13926,510,0,0,8,6,110,143,1,0,0,129,83
13937,170,0,0,8,41,211,49,104,2,78,151,0
13937,241,0,0,6,52,6,0,65,243,252,0,0
13938,170,0,0,8,41,211,49,104,4,78,150,0
13949,190,0,0,6,4,1,0,4,227,254,0,0
13949,201,0,0,8,0,0,0,39,0,0,24,0
13950,193,0,0,8,16,0,0,0,16,0,0,0
13951,460,0,0,5,0,0,0,0,0,0,0,0
13961,197,0,0,8,16,0,0,0,16,3,187,62
13962,485,0,0,8,92,255,222,48,0,0,2,165
13962,481,0,0,7,0,0,0,0,3,28,192,0
13963,608,0,0,8,200,0,0,0,0,0,0,0
13974,609,0,0,6,128,0,0,0,0,0,0,0
13974,462,0,0,4,24,0,7,253,0,0,0,0
13975,510,0,0,8,6,110,143,1,0,0,193,91
13975,866,0,0,4,0,0,0,0,0,0,0,0
13986,170,0,0,8,41,211,49,104,2,78,151,0
13987,241,0,0,6,0,7,0,65,241,255,0,0
13987,1005,0,0,6,0,0,0,0,0,255,0,0
13988,170,0,0,8,41,211,49,104,4,78,150,0
13999,190,0,0,6,4,1,0,4,227,254,0,0
13999,193,0,0,8,32,0,0,0,32,0,0,0
14000,241,0,0,6,28,7,0,65,241,254,0,0
14011,197,0,0,8,32,0,0,0,32,3,187,62
14011,209,0,0,7,64,0,127,255,0,255,0,0
14012,455,0,0,7,9,110,182,144,0,0,63,0
14012,170,0,0,8,41,211,49,104,0,78,152,0
14023,190,0,0,6,12,2,0,4,227,251,0,0
14024,844,0,0,8,226,147,31,249,3,243,0,0
14024,510,0,0,8,6,110,143,1,0,0,1,67
14035,866,0,0,4,0,0,0,0,0,0,0,0
14036,170,0,0,8,41,211,49,104,2,78,151,0
14036,241,0,0,6,28,6,0,65,243,254,0,0
14037,170,0,0,8,41,211,49,104,4,78,150,0
14048,190,0,0,6,4,1,0,4,227,254,0,0
14048,501,0,0,8,15,15,0,1,0,0,3,0
14049,241,0,0,6,40,6,0,65,243,253,0,0
14050,460,0,0,5,0,0,0,0,0,0,0,0
14060,193,0,0,8,48,0,0,0,48,0,0,0
14061,193,0,0,8,0,0,0,0,0,0,0,0
14062,298,0,0,8,16,226,112,92,0,0,16,133
14062,489,0,0,8,0,0,0,14,175,249,0,0
14073,499,0,0,3,64,96,0,0,0,0,0,0
14074,431,0,0,8,32,0,0,16,0,0,0,255
14074,462,0,0,4,0,0,0,0,0,0,0,0
14075,510,0,0,8,6,110,143,1,0,0,65,75
14085,866,0,0,4,0,0,0,0,0,0,0,0
14086,1009,0,0,8,0,255,79,8,19,255,10,155
14087,241,0,0,6,40,7,0,65,241,253,0,0
14087,170,0,0,8,41,211,49,104,4,78,150,0
14098,190,0,0,6,4,1,0,4,227,254,0,0
14099,1020,0,0,8,72,24,112,163,155,0,163,155
14100,193,0,0,8,0,0,0,0,0,0,0,0
14100,197,0,0,8,0,0,0,0,0,3,187,62
14111,810,0,0,8,6,141,204,189,107,2,0,142
14112,197,0,0,8,16,0,0,0,16,3,187,62
14112,481,0,0,7,0,0,0,0,0,16,240,0
14123,170,0,0,8,41,211,49,104,0,78,152,0
14124,190,0,0,6,12,1,0,4,227,252,0,0
14124,510,0,0,8,6,94,139,1,0,0,129,63
14125,866,0,0,4,0,0,0,0,0,0,0,0
14135,170,0,0,8,41,211,49,104,2,78,151,0
14136,241,0,0,6,52,6,0,65,243,252,0,0
14137,170,0,0,8,41,211,49,104,4,78,150,0
14137,190,0,0,6,4,1,0,4,227,254,0,0
14148,201,0,0,8,0,0,0,39,0,0,24,0
14149,501,0,0,8,15,15,0,1,0,0,3,0
14150,460,0,0,5,0,0,0,0,0,0,0,0
14150,193,0,0,8,16,0,0,0,16,0,0,0
14161,241,0,0,6,0,7,0,65,241,255,0,0
14162,197,0,0,8,32,0,0,0,32,3,187,62
14162,489,0,0,8,0,0,0,14,175,248,0,0
14163,608,0,0,8,200,0,0,0,0,0,0,0
14173,609,0,0,6,128,0,0,0,0,0,0,0
14174,844,0,0,8,250,149,31,248,3,243,0,0
14175,462,0,0,4,8,0,7,255,0,0,0,0
14175,510,0,0,8,6,110,143,1,0,0,193,91
14186,866,0,0,4,0,0,0,0,0,0,0,0
14186,241,0,0,6,0,6,0,65,243,255,0,0
14187,170,0,0,8,41,211,49,104,4,78,150,0
14198,190,0,0,6,4,1,0,4,227,254,0,0
14198,201,0,0,8,0,0,0,39,0,0,24,0
14199,193,0,0,8,32,0,0,0,32,0,0,0
14200,197,0,0,8,32,0,0,0,32,3,187,62
14211,241,0,0,6,28,6,0,65,243,254,0,0
14211,193,0,0,8,48,0,0,0,48,0,0,0
14212,463,0,0,3,0,0,5,0,0,0,0,0
14212,485,0,0,8,92,255,222,80,0,0,2,197
14223,170,0,0,8,41,211,49,104,0,78,152,0
14224,510,0,0,8,6,110,143,1,0,0,1,67
14224,866,0,0,4,0,0,0,0,0,0,0,0
14225,170,0,0,8,41,211,49,104,2,78,151,0
14236,190,0,0,6,0,1,0,4,227,255,0,0
14236,1105,0,0,6,0,0,0,0,255,0,0,0
14237,241,0,0,6,28,7,0,65,241,254,0,0
14237,1005,0,0,6,0,0,0,0,0,255,0,0
14248,170,0,0,8,41,211,49,104,4,78,150,0
14249,1001,0,0,8,0,0,0,0,0,0,0,0
14250,460,0,0,5,0,0,0,0,0,0,0,0
14250,193,0,0,8,48,0,0,0,48,0,0,0
14261,241,0,0,6,40,7,0,65,241,253,0,0
14262,197,0,0,8,0,0,0,0,0,3,187,62
14262,489,0,0,8,0,0,0,14,175,249,0,0
14263,481,0,0,7,0,0,0,0,1,20,224,0
14273,608,0,0,8,200,0,0,0,0,0,0,0
14274,462,0,0,4,16,0,7,254,0,0,0,0
14274,510,0,0,8,6,110,143,2,0,0,65,76
14285,866,0,0,4,0,0,0,0,0,0,0,0
14286,170,0,0,8,41,211,49,104,2,78,151,0
14286,241,0,0,6,40,6,0,65,243,253,0,0
14287,170,0,0,8,41,211,49,104,4,78,150,0
14298,190,0,0,6,4,1,0,4,227,254,0,0
14298,193,0,0,8,0,0,0,0,0,0,0,0
14299,197,0,0,8,0,0,0,0,0,3,187,62
14300,241,0,0,6,52,7,0,65,241,252,0,0
14311,209,0,0,7,192,0,255,253,0,253,0,0
14311,460,0,0,5,0,0,0,0,0,0,0,0
14312,197,0,0,8,16,0,0,0,16,3,187,62
14312,485,0,0,8,92,255,222,16,0,0,2,133
14323,170,0,0,8,41,211,49,104,0,78,152,0
14324,844,0,0,8,242,150,31,250,3,243,0,0
14324,510,0,0,8,6,126,139,1,0,0,129,95
14335,866,0,0,4,0,0,0,0,0,0,0,0
14336,170,0,0,8,41,211,49,104,2,78,151,0
14336,1009,0,0,8,0,255,79,8,19,255,10,155
14337,241,0,0,6,52,6,0,65,243,252,0,0
14348,170,0,0,8,41,211,49,104,4,78,150,0
14349,501,0,0,8,15,15,0,1,0,0,3,0
14349,1105,0,0,6,0,0,0,0,255,0,0,0
14350,1020,0,0,8,72,24,112,163,155,0,163,155
14361,460,0,0,5,0,0,0,0,0,0,0,0
14362,197,0,0,8,32,0,0,0,32,3,187,62
14362,489,0,0,8,0,0,0,14,175,249,0,0
14363,298,0,0,8,16,226,112,92,0,0,16,181
14374,608,0,0,8,200,0,0,0,0,0,0,0
14374,844,0,0,8,250,150,31,249,3,243,0,0
14375,462,0,0,4,24,0,7,253,0,0,0,0
14385,510,0,0,8,6,110,139,1,0,0,193,87
14386,866,0,0,4,0,0,0,0,0,0,0,0
14386,241,0,0,6,0,6,0,65,243,255,0,0
14387,170,0,0,8,41,211,49,104,4,78,150,0
14398,190,0,0,6,4,1,0,4,227,254,0,0
14398,193,0,0,8,32,0,0,0,32,0,0,0
14399,197,0,0,8,32,0,0,0,32,3,187,62
14400,241,0,0,6,28,7,0,65,241,254,0,0
14411,209,0,0,7,64,0,127,255,0,255,0,0
14411,193,0,0,8,48,0,0,0,48,0,0,0
14412,481,0,0,7,0,0,0,0,2,24,208,0
14412,840,0,0,5,0,0,0,0,27,0,0,0
14423,170,0,0,8,41,211,49,104,0,78,152,0
14424,510,0,0,8,6,110,143,1,0,0,1,67
14424,866,0,0,4,0,0,0,0,0,0,0,0
14425,170,0,0,8,41,211,49,104,2,78,151,0
14436,190,0,0,6,0,1,0,4,227,255,0,0
14436,241,0,0,6,28,7,0,65,241,254,0,0
14437,170,0,0,8,41,211,49,104,4,78,150,0
14448,190,0,0,6,4,1,0,4,227,254,0,0
14448,201,0,0,8,0,0,0,39,0,0,24,0
14449,1001,0,0,8,0,0,0,0,0,0,0,0
14450,460,0,0,5,0,0,0,0,0,0,0,0
14450,193,0,0,8,48,0,0,0,48,0,0,0
14461,193,0,0,8,0,0,0,0,0,0,0,0
14462,209,0,0,7,192,0,255,253,0,253,0,0
14462,840,0,0,5,0,0,0,0,27,0,0,0
14463,298,0,0,8,16,226,112,92,0,0,16,133
14474,608,0,0,8,200,0,0,0,0,0,0,0
14474,462,0,0,4,0,0,0,0,0,0,0,0
14475,510,0,0,8,6,126,143,1,0,0,65,91
14485,866,0,0,4,0,0,0,0,0,0,0,0
14486,170,0,0,8,41,211,49,104,2,78,151,0
14486,241,0,0,6,40,7,0,65,241,253,0,0
14487,1005,0,0,6,0,0,0,0,0,255,0,0
14498,170,0,0,8,41,211,49,104,4,78,150,0
14499,241,0,0,6,52,7,0,65,241,252,0,0
14499,193,0,0,8,0,0,0,0,0,0,0,0
14500,197,0,0,8,0,0,0,0,0,3,187,62
14511,481,0,0,7,0,0,0,0,1,20,224,0
14511,193,0,0,8,16,0,0,0,16,0,0,0
14512,209,0,0,7,0,0,0,0,0,0,0,0
14512,840,0,0,5,0,0,0,0,27,0,0,0
14523,170,0,0,8,41,211,49,104,0,78,152,0
14524,510,0,0,8,6,94,143,1,0,0,129,67
14524,866,0,0,4,0,0,0,0,0,0,0,0
14525,170,0,0,8,41,211,49,104,2,78,151,0
14536,190,0,0,6,0,1,0,4,227,255,0,0
14536,1105,0,0,6,0,0,0,0,255,0,0,0
14537,241,0,0,6,52,7,0,65,241,252,0,0
14537,170,0,0,8,41,211,49,104,4,78,150,0
14548,190,0,0,6,4,1,0,4,227,254,0,0
14549,241,0,0,6,0,7,0,65,241,255,0,0
14550,460,0,0,5,0,0,0,0,0,0,0,0
14550,193,0,0,8,16,0,0,0,16,0,0,0
14561,197,0,0,8,16,0,0,0,16,3,187,62
14562,298,0,0,8,16,226,112,92,0,0,16,149
14562,840,0,0,5,0,0,0,0,27,0,0,0
14563,481,0,0,7,0,0,0,0,3,28,192,0
14574,608,0,0,8,200,0,0,0,0,0,0,0
14574,462,0,0,4,8,0,7,255,0,0,0,0
14575,510,0,0,8,6,110,143,1,0,0,193,91
14585,866,0,0,4,0,0,0,0,0,0,0,0
14586,170,0,0,8,41,211,49,104,2,78,151,0
14586,241,0,0,6,0,6,0,65,243,255,0,0
14587,170,0,0,8,41,211,49,104,4,78,150,0
14598,190,0,0,6,4,1,0,4,227,254,0,0
14599,1020,0,0,8,72,24,112,163,155,0,163,155
14599,193,0,0,8,32,0,0,0,32,0,0,0
14600,197,0,0,8,32,0,0,0,32,3,187,62
14611,241,0,0,6,28,7,0,65,241,254,0,0
14611,463,0,0,3,0,0,5,0,0,0,0,0
14612,455,0,0,7,9,110,54,146,0,0,63,0
14612,170,0,0,8,41,211,49,104,0,78,152,0
14623,190,0,0,6,12,1,0,4,227,252,0,0
14624,510,0,0,8,6,110,143,1,0,0,1,67
14624,866,0,0,4,0,0,0,0,0,0,0,0
14635,170,0,0,8,41,211,49,104,2,78,151,0
14636,190,0,0,6,0,1,0,4,227,255,0,0
14636,241,0,0,6,28,7,0,65,241,254,0,0
14637,170,0,0,8,41,211,49,104,4,78,150,0
14648,190,0,0,6,4,1,0,4,227,254,0,0
14648,431,0,0,8,32,0,0,16,0,0,0,255
14649,460,0,0,5,0,0,0,0,0,0,0,0
14650,193,0,0,8,48,0,0,0,48,0,0,0
14661,197,0,0,8,48,0,0,0,48,3,187,62
14661,193,0,0,8,0,0,0,0,0,0,0,0
14662,209,0,0,7,192,0,255,253,0,253,0,0
14662,298,0,0,8,16,226,112,92,0,0,16,165
14673,608,0,0,8,200,0,0,0,0,0,0,0
14674,309,0,0,8,0,0,8,86,98,13,26,54
14674,462,0,0,4,16,0,7,254,0,0,0,0
14675,510,0,0,8,6,110,143,1,0,0,65,75
14686,866,0,0,4,0,0,0,0,0,0,0,0
14686,241,0,0,6,40,7,0,65,241,253,0,0
14687,170,0,0,8,41,211,49,104,4,78,150,0
14697,190,0,0,6,4,1,0,4,227,254,0,0
14698,201,0,0,8,0,0,0,39,0,0,24,0
14699,193,0,0,8,0,0,0,0,0,0,0,0
14700,197,0,0,8,0,0,0,0,0,3,187,62
14700,241,0,0,6,52,7,0,65,241,252,0,0
14711,460,0,0,5,0,0,0,0,0,0,0,0
14711,197,0,0,8,16,0,0,0,16,3,187,62
14712,455,0,0,7,9,110,118,145,0,0,63,0
14723,170,0,0,8,41,211,49,104,0,78,152,0
14723,190,0,0,6,12,1,0,4,227,252,0,0
14724,510,0,0,8,6,110,143,1,0,0,129,83
14724,866,0,0,4,0,0,0,0,0,0,0,0
14735,170,0,0,8,41,211,49,104,2,78,151,0
14736,462,0,0,4,8,0,7,255,0,0,0,0
14736,241,0,0,6,52,7,0,65,241,252,0,0
14737,1005,0,0,6,0,0,0,0,0,255,0,0
14748,170,0,0,8,41,211,49,104,4,78,150,0
14748,431,0,0,8,32,0,0,16,0,0,0,255
14749,460,0,0,5,0,0,0,0,0,0,0,0
14750,193,0,0,8,16,0,0,0,16,0,0,0
14761,197,0,0,8,16,0,0,0,16,3,187,62
14761,193,0,0,8,32,0,0,0,32,0,0,0
14762,485,0,0,8,92,255,222,48,0,0,2,165
14763,298,0,0,8,16,226,112,92,0,0,16,181
14773,608,0,0,8,200,0,0,0,0,0,0,0
14774,481,0,0,7,0,0,0,0,2,24,208,0
14774,462,0,0,4,24,0,7,253,0,0,0,0
14775,510,0,0,8,6,126,143,1,0,0,193,107
14786,866,0,0,4,0,0,0,0,0,0,0,0
14786,241,0,0,6,0,6,0,65,243,255,0,0
14787,170,0,0,8,41,211,49,106,4,78,148,0
14797,190,0,0,6,4,2,0,4,227,253,0,0
14798,201,0,0,8,0,0,0,39,0,0,24,0
14799,193,0,0,8,32,0,0,0,32,0,0,0
14800,197,0,0,8,32,0,0,0,32,3,187,62
14810,241,0,0,6,28,7,0,65,241,254,0,0
14811,460,0,0,5,0,0,0,0,0,0,0,0
14811,197,0,0,8,48,0,0,0,48,3,187,62
14812,485,0,0,8,92,255,222,80,0,0,2,197
14823,499,0,0,3,128,160,0,0,0,0,0,0
14823,844,0,0,8,226,147,31,249,3,243,0,0
14824,510,0,0,8,6,110,143,1,0,0,1,67
14825,866,0,0,4,0,0,0,0,0,0,0,0
14835,170,0,0,8,41,211,49,106,2,78,149,0
14836,1009,0,0,8,0,255,79,8,19,255,10,155
14837,241,0,0,6,28,7,0,65,241,254,0,0
14838,170,0,0,8,41,211,49,106,4,78,148,0
14849,190,0,0,6,4,1,0,4,227,254,0,0
14849,979,0,0,8,0,0,32,0,63,255,92,71
14850,1919,0,0,7,0,24,0,0,0,0,0,0
14861,1020,0,0,8,72,24,112,163,155,0,163,155
14861,193,0,0,8,48,0,0,0,48,0,0,0
14862,485,0,0,8,92,255,222,112,0,0,2,229
14863,298,0,0,8,16,226,112,92,0,0,16,133
14874,608,0,0,8,200,0,0,0,0,0,0,0
14874,499,0,0,3,0,32,0,0,0,0,0,0
14875,1280,0,0,4,64,110,1,244,0,0,0,0
14875,1417,0,0,8,160,31,122,22,143,100,208,191
14886,1257,0,0,6,225,0,0,217,49,0,0,0
14887,241,0,0,6,40,7,0,65,241,253,0,0
14887,170,0,0,8,41,211,49,106,4,78,148,0
14898,190,0,0,6,4,1,0,4,227,254,0,0
14899,460,0,0,5,0,0,0,0,0,0,0,0
14900,193,0,0,8,0,0,0,0,0,0,0,0
14900,241,0,0,6,52,7,0,65,241,252,0,0
14911,197,0,0,8,0,0,0,0,0,3,187,62
14911,197,0,0,8,16,0,0,0,16,3,187,62
14912,455,0,0,7,9,110,246,143,0,0,63,0
14913,1328,0,0,4,0,0,0,0,0,0,0,0
14923,170,0,0,8,41,211,49,106,0,78,150,0
14924,328,0,0,1,0,0,0,0,0,0,0,0
14924,1912,0,0,7,0,49,0,0,0,0,0,0
14925,510,0,0,8,6,110,143,2,0,0,129,84
14936,866,0,0,4,0,0,0,0,0,0,0,0
14936,241,0,0,6,52,6,0,65,243,252,0,0
14937,170,0,0,8,41,211,49,106,4,78,148,0
14937,190,0,0,6,4,1,0,4,227,254,0,0
14948,201,0,0,8,0,0,0,39,0,0,24,0
14949,460,0,0,5,0,0,0,0,0,0,0,0
14950,193,0,0,8,16,0,0,0,16,0,0,0
14950,197,0,0,8,16,0,0,0,16,3,187,62
14961,241,0,0,6,0,7,0,65,241,255,0,0
14962,209,0,0,7,64,0,127,255,0,255,0,0
14962,840,0,0,5,0,0,0,0,27,0,0,0
14963,298,0,0,8,16,226,112,92,0,0,16,149
14973,608,0,0,8,200,0,0,0,0,0,0,0
14974,462,0,0,4,8,0,7,255,0,0,0,0
14974,510,0,0,8,6,110,143,1,0,0,193,91
14985,866,0,0,4,0,0,0,0,0,0,0,0
14986,170,0,0,8,41,211,49,106,2,78,149,0
14986,241,0,0,6,0,7,0,65,241,255,0,0
14987,1005,0,0,6,0,0,0,0,0,255,0,0
14998,170,0,0,8,41,211,49,106,4,78,148,0
14999,241,0,0,6,28,7,0,65,241,254,0,0
14999,193,0,0,8,32,0,0,0,32,0,0,0
15000,810,0,0,8,6,141,204,189,107,2,0,142
15011,197,0,0,8,32,0,0,0,32,3,187,62
15011,193,0,0,8,48,0,0,0,48,0,0,0
15012,455,0,0,7,9,110,54,146,0,0,63,0
15012,170,0,0,8,41,211,49,106,0,78,150,0
15023,190,0,0,6,12,2,0,4,227,251,0,0
15024,510,0,0,8,6,110,143,1,0,0,1,67
15024,866,0,0,4,0,0,0,0,0,0,0,0
15035,170,0,0,8,41,211,49,106,2,78,149,0
15036,190,0,0,6,0,1,0,4,227,255,0,0
15036,241,0,0,6,28,6,0,65,243,254,0,0
15037,170,0,0,8,41,211,49,106,4,78,148,0
15048,190,0,0,6,4,1,0,4,227,254,0,0
15048,431,0,0,8,32,0,0,16,0,0,0,255
15049,460,0,0,5,0,0,0,0,0,0,0,0
15050,193,0,0,8,48,0,0,0,48,0,0,0
15061,197,0,0,8,48,0,0,0,48,3,187,62
15061,193,0,0,8,0,0,0,0,0,0,0,0
15062,209,0,0,7,192,0,255,253,0,253,0,0
15062,298,0,0,8,16,226,112,92,0,0,16,165
15073,608,0,0,8,200,0,0,0,0,0,0,0
15074,481,0,0,7,0,0,0,0,0,16,240,0
15074,462,0,0,4,16,0,7,254,0,0,0,0
15075,510,0,0,8,6,110,143,2,0,0,65,76
15086,866,0,0,4,0,0,0,0,0,0,0,0
15086,241,0,0,6,40,6,0,65,243,253,0,0
15087,170,0,0,8,41,211,49,106,4,78,148,0
15087,190,0,0,6,4,1,0,4,227,254,0,0
15098,460,0,0,5,0,0,0,0,0,0,0,0
15099,193,0,0,8,0,0,0,0,0,0,0,0
15100,241,0,0,6,52,7,0,65,241,252,0,0
15100,197,0,0,8,0,0,0,0,0,3,187,62
15111,209,0,0,7,192,0,255,253,0,253,0,0
15111,209,0,0,7,0,0,0,0,0,0,0,0
15112,485,0,0,8,92,255,222,16,0,0,2,133
15123,499,0,0,3,0,32,0,0,0,0,0,0
15123,170,0,0,8,41,211,49,106,0,78,150,0
15124,510,0,0,8,6,110,143,1,0,0,129,83
15124,866,0,0,4,0,0,0,0,0,0,0,0
15135,170,0,0,8,41,211,49,106,2,78,149,0
15136,462,0,0,4,8,0,7,255,0,0,0,0
15136,241,0,0,6,52,7,0,65,241,252,0,0
15137,170,0,0,8,41,211,49,106,4,78,148,0
15148,190,0,0,6,4,1,0,4,227,254,0,0
15148,979,0,0,8,0,0,32,0,0,0,92,0
15149,460,0,0,5,0,0,0,0,0,0,0,0
15150,193,0,0,8,16,0,0,0,16,0,0,0
15161,197,0,0,8,16,0,0,0,16,3,187,62
15161,193,0,0,8,32,0,0,0,32,0,0,0
15162,209,0,0,7,64,0,127,255,0,255,0,0
15162,840,0,0,5,0,0,0,0,27,0,0,0
15173,481,0,0,7,0,0,0,0,3,28,192,0
15174,499,0,0,3,128,160,0,0,0,0,0,0
15174,462,0,0,4,24,0,7,253,0,0,0,0
15175,510,0,0,8,6,110,143,1,0,0,193,91
15186,866,0,0,4,0,0,0,0,0,0,0,0
15186,241,0,0,6,0,6,0,65,243,255,0,0
15186,170,0,0,8,41,211,49,106,4,78,148,0
15187,460,0,0,5,0,0,0,0,0,0,0,0
15198,190,0,0,6,4,1,0,4,227,254,0,0
15199,193,0,0,8,32,0,0,0,32,0,0,0
15199,241,0,0,6,28,6,0,65,243,254,0,0
15200,197,0,0,8,32,0,0,0,32,3,187,62
15211,209,0,0,7,64,0,127,255,0,255,0,0
15211,197,0,0,8,48,0,0,0,48,3,187,62
15212,455,0,0,7,9,110,182,144,0,0,63,0
15223,170,0,0,8,41,211,49,106,0,78,150,0
15223,190,0,0,6,12,1,0,4,227,252,0,0
15224,510,0,0,8,6,94,143,1,0,0,1,51
15225,866,0,0,4,0,0,0,0,0,0,0,0
15235,170,0,0,8,41,211,49,106,2,78,149,0
15236,462,0,0,4,16,0,7,254,0,0,0,0
15236,241,0,0,6,28,6,0,65,243,254,0,0
15237,1005,0,0,6,0,0,0,0,0,255,0,0
15248,170,0,0,8,41,211,49,106,4,78,148,0
15249,1001,0,0,8,0,0,0,0,0,0,0,0
15249,460,0,0,5,0,0,0,0,0,0,0,0
15250,193,0,0,8,48,0,0,0,48,0,0,0
15261,197,0,0,8,48,0,0,0,48,3,187,62
15261,193,0,0,8,0,0,0,0,0,0,0,0
15262,485,0,0,8,92,255,222,112,0,0,2,229
15263,499,0,0,3,64,96,0,0,0,0,0,0
15273,608,0,0,8,200,0,0,0,0,0,0,0
15274,501,0,0,8,15,15,0,1,0,0,3,0
15274,462,0,0,4,0,0,0,0,0,0,0,0
15275,510,0,0,8,6,110,143,1,0,0,65,75
15286,866,0,0,4,0,0,0,0,0,0,0,0
15286,241,0,0,6,40,6,0,65,243,253,0,0
15287,170,0,0,8,41,211,49,106,4,78,148,0
15287,460,0,0,5,0,0,0,0,0,0,0,0
15298,190,0,0,6,4,1,0,4,227,254,0,0
15299,193,0,0,8,0,0,0,0,0,0,0,0
15299,241,0,0,6,52,7,0,65,241,252,0,0
15300,197,0,0,8,0,0,0,0,0,3,187,62
15311,209,0,0,7,192,0,255,253,0,253,0,0
15311,197,0,0,8,16,0,0,0,16,3,187,62
15312,455,0,0,7,9,110,246,143,0,0,63,0
15323,170,0,0,8,41,211,49,106,0,78,150,0
15323,190,0,0,6,12,1,0,4,227,252,0,0
15324,510,0,0,8,6,110,143,1,0,0,129,83
15325,866,0,0,4,0,0,0,0,0,0,0,0
15335,170,0,0,8,41,211,49,106,2,78,149,0
15336,462,0,0,4,24,0,7,253,0,0,0,0
15337,241,0,0,6,52,7,0,65,241,252,0,0
15337,170,0,0,8,41,211,49,106,4,78,148,0
15348,190,0,0,6,4,1,0,4,227,254,0,0
15349,979,0,0,8,0,0,32,0,95,254,92,134
15350,1001,0,0,8,0,0,0,0,0,0,0,0
15350,1020,0,0,8,72,24,112,163,155,0,163,155
15361,193,0,0,8,16,0,0,0,16,0,0,0
15362,209,0,0,7,64,0,127,255,0,255,0,0
15362,840,0,0,5,0,0,0,0,27,0,0,0
15363,298,0,0,8,16,226,112,92,0,0,16,149
15374,608,0,0,8,200,0,0,0,0,0,0,0
15374,1233,0,0,8,0,0,0,3,19,70,0,0
15375,462,0,0,4,8,0,7,255,0,0,0,0
15386,510,0,0,8,6,110,143,1,0,0,193,91
15386,866,0,0,4,0,0,0,0,0,0,0,0
15387,241,0,0,6,0,6,0,65,243,255,0,0
15387,170,0,0,8,41,211,49,106,4,78,148,0
15398,460,0,0,5,0,0,0,0,0,0,0,0
15399,193,0,0,8,32,0,0,0,32,0,0,0
15399,197,0,0,8,32,0,0,0,32,3,187,62
15400,241,0,0,6,28,7,0,65,241,254,0,0
15411,209,0,0,7,64,0,127,255,0,255,0,0
15411,499,0,0,3,128,160,0,0,0,0,0,0
15412,485,0,0,8,92,255,222,80,0,0,2,197
15412,170,0,0,8,41,211,49,106,0,78,150,0
15423,190,0,0,6,12,1,0,4,227,252,0,0
15424,510,0,0,8,6,110,143,1,0,0,1,67
15424,866,0,0,4,0,0,0,0,0,0,0,0
15435,170,0,0,8,41,211,49,106,2,78,149,0
15436,190,0,0,6,0,1,0,4,227,255,0,0
15436,1105,0,0,6,0,0,0,0,255,0,0,0
15437,241,0,0,6,28,6,0,65,243,254,0,0
15448,170,0,0,8,41,211,49,106,4,78,148,0
15449,431,0,0,8,32,0,0,16,0,0,0,255
15449,1001,0,0,8,0,0,0,0,0,0,0,0
15450,460,0,0,5,0,0,0,0,0,0,0,0
15461,193,0,0,8,48,0,0,0,48,0,0,0
15461,193,0,0,8,0,0,0,0,0,0,0,0
15462,485,0,0,8,92,255,222,112,0,0,2,229
15462,298,0,0,8,16,226,112,92,0,0,16,165
15473,608,0,0,8,200,0,0,0,0,0,0,0
15474,501,0,0,8,15,15,0,1,0,0,3,0
15474,462,0,0,4,16,0,7,254,0,0,0,0
15475,510,0,0,8,6,110,143,1,0,0,65,75
15486,866,0,0,4,0,0,0,0,0,0,0,0
15486,241,0,0,6,40,6,0,65,243,253,0,0
15487,1005,0,0,6,0,0,0,0,0,255,0,0
15487,170,0,0,8,41,211,49,106,4,78,148,0
15498,460,0,0,5,0,0,0,0,0,0,0,0
15499,193,0,0,8,0,0,0,0,0,0,0,0
15499,241,0,0,6,52,6,0,65,243,252,0,0
15500,197,0,0,8,0,0,0,0,0,3,187,62
15511,209,0,0,7,192,0,255,253,0,253,0,0
15511,197,0,0,8,16,0,0,0,16,3,187,62
15512,455,0,0,7,9,110,118,145,0,0,63,0
15512,170,0,0,8,41,211,49,106,0,78,150,0
15523,190,0,0,6,12,1,0,4,227,252,0,0
15524,510,0,0,8,6,110,143,1,0,0,129,83
15524,866,0,0,4,0,0,0,0,0,0,0,0
15535,170,0,0,8,41,211,49,106,2,78,149,0
15536,190,0,0,6,0,1,0,4,227,255,0,0
15536,241,0,0,6,52,6,0,65,243,252,0,0
15537,170,0,0,8,41,211,49,106,4,78,148,0
15548,190,0,0,6,4,1,0,4,227,254,0,0
15548,501,0,0,8,15,15,0,1,0,0,3,0
15549,460,0,0,5,0,0,0,0,0,0,0,0
15550,193,0,0,8,16,0,0,0,16,0,0,0
15561,197,0,0,8,16,0,0,0,16,3,187,62
15561,193,0,0,8,32,0,0,0,32,0,0,0
15562,209,0,0,7,64,0,127,255,0,255,0,0
15562,298,0,0,8,16,226,112,92,0,0,16,181
15573,608,0,0,8,200,0,0,0,0,0,0,0
15574,309,0,0,8,0,0,8,86,98,13,26,55
15574,462,0,0,4,24,0,7,253,0,0,0,0
15575,510,0,0,8,6,110,143,1,0,0,193,91
15586,866,0,0,4,0,0,0,0,0,0,0,0
15586,241,0,0,6,0,7,0,65,241,255,0,0
15587,170,0,0,8,41,211,49,106,4,78,148,0
15598,460,0,0,5,0,0,0,0,0,0,0,0
15598,190,0,0,6,4,1,0,4,227,254,0,0
15599,193,0,0,8,32,0,0,0,32,0,0,0
15600,810,0,0,8,6,141,204,189,107,2,0,142
15611,197,0,0,8,32,0,0,0,32,3,187,62
15611,193,0,0,8,48,0,0,0,48,0,0,0
15612,209,0,0,7,128,0,191,254,0,254,0,0
15612,840,0,0,5,0,0,0,0,27,0,0,0
15623,170,0,0,8,41,211,49,106,0,78,150,0
15624,501,0,0,8,15,15,0,1,0,0,3,0
15624,510,0,0,8,6,110,143,1,0,0,1,67
15625,866,0,0,4,0,0,0,0,0,0,0,0
15635,170,0,0,8,41,211,49,106,2,78,149,0
15636,241,0,0,6,28,6,0,65,243,254,0,0
15637,170,0,0,8,41,211,49,106,4,78,148,0
15637,190,0,0,6,4,1,0,4,227,254,0,0
15648,201,0,0,8,0,0,0,39,0,0,24,0
15649,501,0,0,8,15,15,0,1,0,0,3,0
15650,460,0,0,5,0,0,0,0,0,0,0,0
15650,193,0,0,8,48,0,0,0,48,0,0,0
15661,352,0,0,5,192,12,142,244,3,0,0,0
15662,209,0,0,7,192,0,255,253,0,253,0,0
15662,840,0,0,5,0,0,0,0,27,0,0,0
15663,298,0,0,8,16,226,112,92,0,0,16,133
15674,608,0,0,8,200,0,0,0,0,0,0,0
15674,462,0,0,4,0,0,0,0,0,0,0,0
15675,510,0,0,8,6,94,143,1,0,0,65,59
15685,866,0,0,4,0,0,0,0,0,0,0,0
15686,170,0,0,8,41,211,49,106,2,78,149,0
15686,241,0,0,6,40,7,0,65,241,253,0,0
15687,460,0,0,5,0,0,0,0,0,0,0,0
15698,170,0,0,8,41,211,49,106,4,78,148,0
15698,193,0,0,8,0,0,0,0,0,0,0,0
15699,197,0,0,8,0,0,0,0,0,3,187,62
15700,241,0,0,6,52,6,0,65,243,252,0,0
15710,209,0,0,7,192,0,255,253,0,253,0,0
15711,193,0,0,8,16,0,0,0,16,0,0,0
15712,209,0,0,7,0,0,0,0,0,0,0,0
15712,840,0,0,5,0,0,0,0,27,0,0,0
15723,170,0,0,8,41,211,49,106,0,78,150,0
15723,510,0,0,8,6,110,143,2,0,0,129,84
15724,866,0,0,4,0,0,0,0,0,0,0,0
15725,170,0,0,8,41,211,49,106,2,78,149,0
15735,190,0,0,6,0,1,0,4,227,255,0,0
15736,497,0,0,8,174,10,0,0,8,0,0,122
15737,241,0,0,6,52,6,0,65,243,252,0,0
15737,1005,0,0,6,0,0,0,0,0,255,0,0
15748,170,0,0,8,41,211,49,106,4,78,148,0
15749,501,0,0,8,15,15,0,1,0,0,3,0
15750,460,0,0,5,0,0,0,0,0,0,0,0
15750,193,0,0,8,16,0,0,0,16,0,0,0
15761,197,0,0,8,16,0,0,0,16,3,187,62
15762,241,0,0,6,28,7,0,65,241,254,0,0
15762,840,0,0,5,0,0,0,0,27,0,0,0
15763,298,0,0,8,16,226,112,92,0,0,16,149
15774,608,0,0,8,200,0,0,0,0,0,0,0
15774,844,0,0,8,250,150,31,249,3,243,0,0
15775,462,0,0,4,8,0,7,255,0,0,0,0
15785,510,0,0,8,6,110,139,2,0,0,193,88
15786,866,0,0,4,0,0,0,0,0,0,0,0
15786,241,0,0,6,0,7,0,65,241,255,0,0
15787,460,0,0,5,0,0,0,0,0,0,0,0
15798,170,0,0,8,41,211,49,105,4,78,149,0
15798,241,0,0,6,28,7,0,65,241,254,0,0
15799,193,0,0,8,32,0,0,0,32,0,0,0
15800,197,0,0,8,32,0,0,0,32,3,187,62
15811,499,0,0,3,192,224,0,0,0,0,0,0
15811,193,0,0,8,48,0,0,0,48,0,0,0
15812,455,0,0,7,9,110,54,146,0,0,63,0
15812,170,0,0,8,41,211,49,105,0,78,151,0
15823,190,0,0,6,12,1,0,4,227,252,0,0
15824,501,0,0,8,15,15,0,1,0,0,3,0
15824,510,0,0,8,6,110,143,1,0,0,1,67
15825,866,0,0,4,0,0,0,0,0,0,0,0
15836,170,0,0,8,41,211,49,105,2,78,150,0
15836,1009,0,0,8,0,255,79,8,19,255,10,155
15837,241,0,0,6,28,7,0,65,241,254,0,0
15848,170,0,0,8,41,211,49,105,4,78,149,0
15849,190,0,0,6,4,1,0,4,227,254,0,0
15849,985,0,0,5,2,0,0,0,0,0,0,0
15850,1919,0,0,7,0,24,0,0,0,0,0,0
15861,460,0,0,5,0,0,0,0,0,0,0,0
15861,209,0,0,7,192,0,255,253,0,253,0,0
15862,489,0,0,8,0,0,0,14,175,249,0,0
15863,298,0,0,8,16,226,112,92,0,0,16,165
15874,608,0,0,8,200,0,0,0,0,0,0,0
15874,309,0,0,8,0,0,8,86,98,13,26,55
15875,1280,0,0,4,64,110,1,244,0,0,0,0
15875,1906,0,0,7,0,17,0,0,0,0,0,0
15886,462,0,0,4,16,0,7,254,0,0,0,0
15887,241,0,0,6,40,6,0,65,243,253,0,0
15887,460,0,0,5,0,0,0,0,0,0,0,0
15888,170,0,0,8,41,211,49,105,4,78,149,0
15899,190,0,0,6,4,1,0,4,227,254,0,0
15899,193,0,0,8,0,0,0,0,0,0,0,0
15900,197,0,0,8,0,0,0,0,0,3,187,62
15900,810,0,0,8,6,141,204,189,107,2,0,142
15911,209,0,0,7,192,0,255,253,0,253,0,0
15912,455,0,0,7,9,110,118,145,0,0,63,0
15912,1323,0,0,4,53,51,168,58,0,0,0,0
15923,170,0,0,8,41,211,49,105,0,78,151,0
15924,190,0,0,6,12,1,0,4,227,252,0,0
15924,328,0,0,1,0,0,0,0,0,0,0,0
15925,1912,0,0,7,0,49,0,0,0,0,0,0
15935,510,0,0,8,6,110,143,1,0,0,129,83
15936,1105,0,0,6,0,0,0,0,255,0,0,0
15937,241,0,0,6,52,7,0,65,241,252,0,0
15937,170,0,0,8,41,211,49,105,4,78,149,0
15948,190,0,0,6,4,1,0,4,227,254,0,0
15949,979,0,0,8,0,0,32,0,0,0,92,0
15950,460,0,0,5,0,0,0,0,0,0,0,0
15950,193,0,0,8,16,0,0,0,16,0,0,0
15961,197,0,0,8,16,0,0,0,16,3,187,62
15962,241,0,0,6,28,6,0,65,243,254,0,0
15962,840,0,0,5,0,0,0,0,27,0,0,0
15963,298,0,0,8,16,226,112,92,0,0,16,181
15974,608,0,0,8,200,0,0,0,0,0,0,0
15974,844,0,0,8,250,151,31,250,3,243,0,0
15975,462,0,0,4,24,0,7,253,0,0,0,0
15975,510,0,0,8,6,110,143,2,0,0,193,92
15986,866,0,0,4,0,0,0,0,0,0,0,0
15986,241,0,0,6,0,7,0,65,241,255,0,0
15987,1005,0,0,6,0,0,0,0,0,255,0,0
15998,460,0,0,5,0,0,0,0,0,0,0,0
15998,170,0,0,8,41,211,49,105,4,78,149,0
15999,193,0,0,8,32,0,0,0,32,0,0,0
16000,197,0,0,8,32,0,0,0,32,3,187,62
16010,241,0,0,6,28,6,0,65,243,254,0,0
16011,193,0,0,8,48,0,0,0,48,0,0,0
16012,209,0,0,7,128,0,191,254,0,254,0,0
16012,840,0,0,5,0,0,0,0,27,0,0,0
16023,499,0,0,3,128,160,0,0,0,0,0,0
16023,501,0,0,8,15,15,0,1,0,0,3,0
16024,510,0,0,8,6,110,143,1,0,0,1,67
16024,866,0,0,4,0,0,0,0,0,0,0,0
16035,170,0,0,8,41,211,49,105,2,78,150,0
16036,497,0,0,8,174,10,0,0,8,0,0,122
16037,1105,0,0,6,0,0,0,0,255,0,0,0
16037,170,0,0,8,41,211,49,105,4,78,149,0
16048,190,0,0,6,4,1,0,4,227,254,0,0
16049,979,0,0,8,0,0,32,0,63,255,92,71
16050,1001,0,0,8,0,0,0,0,0,0,0,0
16050,460,0,0,5,0,0,0,0,0,0,0,0
16061,193,0,0,8,48,0,0,0,48,0,0,0
16062,241,0,0,6,52,6,0,65,243,252,0,0
16062,840,0,0,5,0,0,0,0,27,0,0,0
16063,298,0,0,8,16,226,112,92,0,0,16,133
16074,608,0,0,8,200,0,0,0,0,0,0,0
16074,844,0,0,8,234,148,31,249,3,243,0,0
16075,462,0,0,4,0,0,0,0,0,0,0,0
16075,510,0,0,8,6,110,143,2,0,0,65,76
16086,866,0,0,4,0,0,0,0,0,0,0,0
16087,241,0,0,6,40,6,0,65,243,253,0,0
16087,460,0,0,5,0,0,0,0,0,0,0,0
16088,170,0,0,8,41,211,49,105,4,78,149,0
16098,190,0,0,6,4,1,0,4,227,254,0,0
16099,193,0,0,8,0,0,0,0,0,0,0,0
16100,197,0,0,8,0,0,0,0,0,3,187,62
16100,499,0,0,3,64,96,0,0,0,0,0,0
16111,209,0,0,7,192,0,255,253,0,253,0,0
16112,455,0,0,7,9,110,246,143,0,0,63,0
16112,170,0,0,8,41,211,49,105,0,78,151,0
16123,190,0,0,6,12,1,0,4,227,252,0,0
16124,454,0,0,8,41,134,50,48,0,67,55,63
16124,510,0,0,8,6,110,143,1,0,0,129,83
16125,866,0,0,4,0,0,0,0,0,0,0,0
16135,170,0,0,8,41,211,49,105,2,78,150,0
16136,1105,0,0,6,0,0,0,0,0,0,0,0
16137,241,0,0,6,52,7,0,65,241,252,0,0
16137,170,0,0,8,41,211,49,105,4,78,149,0
16148,190,0,0,6,4,1,0,4,227,254,0,0
16149,1001,0,0,8,0,0,0,0,0,0,0,0
16150,460,0,0,5,0,0,0,0,0,0,0,0
16150,193,0,0,8,16,0,0,0,16,0,0,0
16161,197,0,0,8,16,0,0,0,16,3,187,62
16162,241,0,0,6,28,6,0,65,243,254,0,0
16162,840,0,0,5,0,0,0,0,27,0,0,0
16163,298,0,0,8,16,226,112,92,0,0,16,149
16174,608,0,0,8,200,0,0,0,0,0,0,0
16174,462,0,0,4,8,0,7,255,0,0,0,0
16175,510,0,0,8,6,110,143,1,0,0,193,91
16185,866,0,0,4,0,0,0,0,0,0,0,0
16186,170,0,0,8,41,211,49,105,2,78,150,0
16186,460,0,0,5,0,0,0,0,0,0,0,0
16187,170,0,0,8,41,211,49,105,4,78,149,0
16198,190,0,0,6,4,1,0,4,227,254,0,0
16198,193,0,0,8,32,0,0,0,32,0,0,0
16199,197,0,0,8,32,0,0,0,32,3,187,62
16200,241,0,0,6,28,7,0,65,241,254,0,0
16211,209,0,0,7,64,0,127,255,0,255,0,0
16211,193,0,0,8,48,0,0,0,48,0,0,0
16212,455,0,0,7,9,110,54,146,0,0,63,0
16212,481,0,0,7,0,0,0,0,2,24,208,0
16223,170,0,0,8,41,211,49,105,0,78,151,0
16224,501,0,0,8,15,15,0,1,0,0,3,0
16224,510,0,0,8,6,110,143,1,0,0,1,67
16225,866,0,0,4,0,0,0,0,0,0,0,0
16236,170,0,0,8,41,211,49,105,2,78,150,0
16236,1005,0,0,6,0,0,0,0,0,255,0,0
16237,170,0,0,8,41,211,49,105,4,78,149,0
16248,190,0,0,6,4,1,0,4,227,254,0,0
16248,201,0,0,8,0,0,0,39,0,0,24,0
16249,985,0,0,5,2,0,0,0,0,0,0,0
16250,460,0,0,5,0,0,0,0,0,0,0,0
16250,193,0,0,8,48,0,0,0,48,0,0,0
16261,197,0,0,8,0,0,0,0,0,3,187,62
16262,485,0,0,8,92,255,222,112,0,0,2,229
16262,298,0,0,8,16,226,112,92,0,0,16,165
16273,608,0,0,8,200,0,0,0,0,0,0,0
16274,609,0,0,6,128,0,0,0,0,0,0,0
16274,462,0,0,4,16,0,7,254,0,0,0,0
16275,510,0,0,8,6,110,143,1,0,0,65,75
16285,866,0,0,4,0,0,0,0,0,0,0,0
16286,499,0,0,3,192,224,0,0,0,0,0,0
16286,241,0,0,6,40,6,0,65,243,253,0,0
16287,460,0,0,5,0,0,0,0,0,0,0,0
16298,170,0,0,8,41,211,49,105,4,78,149,0
16298,241,0,0,6,52,7,0,65,241,252,0,0
16299,193,0,0,8,0,0,0,0,0,0,0,0
16300,197,0,0,8,0,0,0,0,0,3,187,62
16311,481,0,0,7,0,0,0,0,1,20,224,0
16311,193,0,0,8,16,0,0,0,16,0,0,0
16312,209,0,0,7,0,0,0,0,0,0,0,0
16312,499,0,0,3,0,32,0,0,0,0,0,0
16323,170,0,0,8,41,211,49,105,0,78,151,0
16324,510,0,0,8,6,110,143,2,0,0,129,84
16324,866,0,0,4,0,0,0,0,0,0,0,0
16325,170,0,0,8,41,211,49,105,2,78,150,0
16335,190,0,0,6,0,1,0,4,227,255,0,0
16336,1009,0,0,8,0,255,79,8,19,255,10,155
16337,241,0,0,6,52,6,0,65,243,252,0,0
16338,170,0,0,8,41,211,49,105,4,78,149,0
16349,190,0,0,6,4,1,0,4,227,254,0,0
16349,501,0,0,8,15,15,0,1,0,0,3,0
16350,1017,0,0,8,0,0,0,0,79,0,232,66
16350,1020,0,0,8,72,24,112,163,155,0,163,155
16361,193,0,0,8,16,0,0,0,16,0,0,0
16362,485,0,0,8,92,255,222,48,0,0,2,165
16363,298,0,0,8,16,226,112,92,0,0,16,181
16374,608,0,0,8,200,0,0,0,0,0,0,0
16374,609,0,0,6,128,0,0,0,0,0,0,0
16375,1233,0,0,8,0,0,0,3,19,70,0,0
16375,462,0,0,4,24,0,7,253,0,0,0,0
16386,510,0,0,8,6,110,143,1,0,0,193,91
16387,241,0,0,6,0,6,0,65,243,255,0,0
16387,460,0,0,5,0,0,0,0,0,0,0,0
16388,170,0,0,8,41,211,49,105,4,78,149,0
16398,190,0,0,6,4,1,0,4,227,254,0,0
16399,193,0,0,8,32,0,0,0,32,0,0,0
16400,499,0,0,3,192,224,0,0,0,0,0,0
16400,197,0,0,8,32,0,0,0,32,3,187,62
16411,209,0,0,7,64,0,127,255,0,255,0,0
16412,455,0,0,7,9,110,182,144,0,0,63,0
16412,170,0,0,8,41,211,49,105,0,78,151,0
16423,190,0,0,6,12,1,0,4,227,252,0,0
16424,454,0,0,8,41,134,50,48,0,67,55,63
16424,510,0,0,8,6,110,143,1,0,0,1,67
16425,866,0,0,4,0,0,0,0,0,0,0,0
16435,170,0,0,8,41,211,49,105,2,78,150,0
16436,1105,0,0,6,0,0,0,0,255,0,0,0
16437,241,0,0,6,28,6,0,65,243,254,0,0
16437,170,0,0,8,41,211,49,105,4,78,149,0
16448,190,0,0,6,4,1,0,4,227,254,0,0
16449,985,0,0,5,2,0,0,0,0,0,0,0
16450,460,0,0,5,0,0,0,0,0,0,0,0
16450,193,0,0,8,48,0,0,0,48,0,0,0
16461,197,0,0,8,48,0,0,0,48,3,187,62
16462,209,0,0,7,192,0,255,253,0,253,0,0
16462,489,0,0,8,0,0,0,14,175,250,0,0
16463,298,0,0,8,16,226,112,92,0,0,16,133
16473,608,0,0,8,200,0,0,0,0,0,0,0
16474,501,0,0,8,15,15,0,1,0,0,3,0
16475,462,0,0,4,0,0,0,0,0,0,0,0
16475,510,0,0,8,6,110,143,1,0,0,65,75
16486,866,0,0,4,0,0,0,0,0,0,0,0
16486,241,0,0,6,40,6,0,65,243,253,0,0
16487,460,0,0,5,0,0,0,0,0,0,0,0
16487,1005,0,0,6,0,0,0,0,0,255,0,0
16498,170,0,0,8,41,211,49,105,4,78,149,0
16499,193,0,0,8,0,0,0,0,0,0,0,0
16500,197,0,0,8,0,0,0,0,0,3,187,62
16500,810,0,0,8,6,141,204,189,107,2,0,142
16511,209,0,0,7,192,0,255,253,0,253,0,0
16512,209,0,0,7,0,0,0,0,0,0,0,0
16512,840,0,0,5,0,0,0,0,27,0,0,0
16523,170,0,0,8,41,211,49,105,0,78,151,0
16523,190,0,0,6,12,1,0,4,227,252,0,0
16524,510,0,0,8,6,110,143,1,0,0,129,83
16524,866,0,0,4,0,0,0,0,0,0,0,0
16535,170,0,0,8,41,211,49,105,2,78,150,0
16536,241,0,0,6,52,6,0,65,243,252,0,0
16537,170,0,0,8,41,211,49,105,4,78,149,0
16537,190,0,0,6,4,1,0,4,227,254,0,0
16548,201,0,0,8,0,0,0,39,0,0,24,0
16549,985,0,0,5,2,0,0,0,0,0,0,0
16549,1001,0,0,8,0,0,0,0,0,0,0,0
16550,460,0,0,5,0,0,0,0,0,0,0,0
16561,193,0,0,8,16,0,0,0,16,0,0,0
16561,241,0,0,6,28,7,0,65,241,254,0,0
16562,489,0,0,8,0,0,0,14,175,248,0,0
16563,298,0,0,8,16,226,112,92,0,0,16,149
16573,608,0,0,8,200,0,0,0,0,0,0,0
16574,481,0,0,7,0,0,0,0,2,24,208,0
16575,462,0,0,4,8,0,7,255,0,0,0,0
16575,510,0,0,8,6,110,143,1,0,0,193,91
16586,866,0,0,4,0,0,0,0,0,0,0,0
16586,241,0,0,6,0,6,0,65,243,255,0,0
16587,460,0,0,5,0,0,0,0,0,0,0,0
16587,170,0,0,8,41,211,49,105,4,78,149,0
16598,190,0,0,6,4,1,0,4,227,254,0,0
16599,193,0,0,8,32,0,0,0,32,0,0,0
16600,197,0,0,8,32,0,0,0,32,3,187,62
16610,241,0,0,6,28,7,0,65,241,254,0,0
16611,209,0,0,7,64,0,127,255,0,255,0,0
16611,209,0,0,7,128,0,191,254,0,254,0,0
16612,840,0,0,5,0,0,0,0,27,0,0,0
16623,499,0,0,3,128,160,0,0,0,0,0,0
16623,501,0,0,8,15,15,0,1,0,0,3,0
16624,510,0,0,8,6,110,143,1,0,0,1,67
16624,866,0,0,4,0,0,0,0,0,0,0,0
16635,170,0,0,8,41,211,49,105,2,78,150,0
16636,462,0,0,4,0,0,0,0,0,0,0,0
16636,241,0,0,6,28,6,0,65,243,254,0,0
16637,170,0,0,8,41,211,49,105,4,78,149,0
16648,190,0,0,6,4,1,0,4,227,254,0,0
16649,431,0,0,8,32,0,0,16,0,0,0,255
16649,1001,0,0,8,0,0,0,0,0,0,0,0
16650,460,0,0,5,0,0,0,0,0,0,0,0
16661,193,0,0,8,48,0,0,0,48,0,0,0
16661,197,0,0,8,0,0,0,0,0,3,187,62
16662,485,0,0,8,92,255,222,112,0,0,2,229
16663,481,0,0,7,0,0,0,0,1,20,224,0
16673,608,0,0,8,200,0,0,0,0,0,0,0
16674,501,0,0,8,15,15,0,1,0,0,3,0
16674,462,0,0,4,16,0,7,254,0,0,0,0
16675,510,0,0,8,6,110,143,1,0,0,65,75
16686,866,0,0,4,0,0,0,0,0,0,0,0
16686,241,0,0,6,40,6,0,65,243,253,0,0
16687,460,0,0,5,0,0,0,0,0,0,0,0
16687,170,0,0,8,41,211,49,105,4,78,149,0
16698,190,0,0,6,4,1,0,4,227,254,0,0
16699,193,0,0,8,0,0,0,0,0,0,0,0
16699,499,0,0,3,64,96,0,0,0,0,0,0
16700,197,0,0,8,0,0,0,0,0,3,187,62
16711,209,0,0,7,192,0,255,253,0,253,0,0
16711,209,0,0,7,0,0,0,0,0,0,0,0
16712,840,0,0,5,0,0,0,0,27,0,0,0
16712,170,0,0,8,41,211,49,105,0,78,151,0
16723,190,0,0,6,12,1,0,4,227,252,0,0
16724,510,0,0,8,6,110,143,1,0,0,129,83
16724,866,0,0,4,0,0,0,0,0,0,0,0
16735,170,0,0,8,41,211,49,105,2,78,150,0
16736,190,0,0,6,0,1,0,4,227,255,0,0
16736,241,0,0,6,52,7,0,65,241,252,0,0
16737,1005,0,0,6,0,0,0,0,0,255,0,0
16748,170,0,0,8,41,211,49,105,4,78,149,0
16749,431,0,0,8,32,0,0,16,0,0,0,255
16749,1001,0,0,8,0,0,0,0,0,0,0,0
16750,460,0,0,5,0,0,0,0,0,0,0,0
16761,193,0,0,8,16,0,0,0,16,0,0,0
16761,197,0,0,8,32,0,0,0,32,3,187,62
16762,485,0,0,8,92,255,222,48,0,0,2,165
16762,298,0,0,8,16,226,112,92,0,0,16,181
16773,608,0,0,8,200,0,0,0,0,0,0,0
16774,309,0,0,8,0,0,8,86,98,13,26,56
16774,462,0,0,4,24,0,7,253,0,0,0,0
16775,510,0,0,8,6,110,143,1,0,0,193,91
16786,866,0,0,4,0,0,0,0,0,0,0,0
16786,241,0,0,6,0,6,0,65,243,255,0,0
16787,460,0,0,5,0,0,0,0,0,0,0,0
16787,170,0,0,8,41,211,49,104,4,78,150,0
16798,190,0,0,6,4,1,0,4,227,254,0,0
16799,193,0,0,8,32,0,0,0,32,0,0,0
16799,197,0,0,8,32,0,0,0,32,3,187,62
16800,241,0,0,6,28,7,0,65,241,254,0,0
16811,209,0,0,7,64,0,127,255,0,255,0,0
16811,197,0,0,8,48,0,0,0,48,3,187,62
16812,455,0,0,7,9,110,182,144,0,0,63,0
16823,170,0,0,8,41,211,49,104,0,78,152,0
16823,190,0,0,6,12,1,0,4,227,252,0,0
16824,510,0,0,8,6,110,143,1,0,0,1,67
16825,866,0,0,4,0,0,0,0,0,0,0,0
16835,170,0,0,8,41,211,49,104,2,78,151,0
16836,1009,0,0,8,0,255,79,8,19,255,10,155
16837,241,0,0,6,28,6,0,65,243,254,0,0
16838,170,0,0,8,41,211,49,104,4,78,150,0
16849,190,0,0,6,4,1,0,4,227,254,0,0
16849,501,0,0,8,15,15,0,1,0,0,3,0
16850,1225,0,0,7,64,89,0,0,16,0,0,0
16861,1017,0,0,8,0,0,0,0,79,0,232,66
16861,1217,0,0,8,0,194,103,92,155,0,0,0
16862,485,0,0,8,92,255,222,112,0,0,2,229
16863,298,0,0,8,16,226,112,92,0,0,16,133
16874,608,0,0,8,200,0,0,0,0,0,0,0
16874,241,0,0,6,0,7,0,65,241,255,0,0
16875,455,0,0,7,9,110,118,145,0,0,63,0
16875,844,0,0,8,234,148,31,249,3,243,0,0
16886,462,0,0,4,0,0,0,0,0,0,0,0
16887,241,0,0,6,40,6,0,65,243,253,0,0
16887,460,0,0,5,0,0,0,0,0,0,0,0
16888,170,0,0,8,41,211,49,104,4,78,150,0
16899,190,0,0,6,4,1,0,4,227,254,0,0
16899,193,0,0,8,0,0,0,0,0,0,0,0
16900,197,0,0,8,0,0,0,0,0,3,187,62
16900,481,0,0,7,0,0,0,0,1,20,224,0
16911,209,0,0,7,192,0,255,253,0,253,0,0
16912,455,0,0,7,9,110,246,143,0,0,63,0
16912,499,0,0,3,0,32,0,0,0,0,0,0
16923,170,0,0,8,41,211,49,104,0,78,152,0
16924,190,0,0,6,12,1,0,4,227,252,0,0
16924,328,0,0,1,0,0,0,0,0,0,0,0
16925,1912,0,0,7,0,49,0,0,0,0,0,0
16935,510,0,0,8,6,110,143,1,0,0,129,83
16936,497,0,0,8,174,10,0,0,8,0,0,122
16937,241,0,0,6,52,7,0,65,241,252,0,0
16937,170,0,0,8,41,211,49,104,4,78,150,0
16948,190,0,0,6,4,1,0,4,227,254,0,0
16949,501,0,0,8,15,15,0,1,0,0,3,0
16950,460,0,0,5,0,0,0,0,0,0,0,0
16950,193,0,0,8,16,0,0,0,16,0,0,0
16961,197,0,0,8,16,0,0,0,16,3,187,62
16962,209,0,0,7,64,0,127,255,0,255,0,0
16962,840,0,0,5,0,0,0,0,27,0,0,0
16963,298,0,0,8,16,226,112,92,0,0,16,149
16974,608,0,0,8,200,0,0,0,0,0,0,0
16974,844,0,0,8,250,152,31,250,3,244,0,0
16975,462,0,0,4,8,0,7,255,0,0,0,0
16975,510,0,0,8,6,110,139,1,0,0,193,87
16986,866,0,0,4,0,0,0,0,0,0,0,0
16986,241,0,0,6,0,6,0,65,243,255,0,0
16987,460,0,0,5,0,0,0,0,0,0,0,0
16998,1005,0,0,6,0,0,0,0,0,255,0,0
16998,170,0,0,8,41,211,49,104,4,78,150,0
16999,193,0,0,8,32,0,0,0,32,0,0,0
17000,499,0,0,3,192,224,0,0,0,0,0,0
17010,197,0,0,8,32,0,0,0,32,3,187,62
17011,193,0,0,8,48,0,0,0,48,0,0,0
17012,455,0,0,7,9,110,54,146,0,0,63,0
17012,170,0,0,8,41,211,49,104,0,78,152,0
17023,190,0,0,6,12,1,0,4,227,252,0,0
17024,844,0,0,8,226,147,31,249,3,243,0,0
17024,510,0,0,8,6,110,143,1,0,0,1,67
17025,866,0,0,4,0,0,0,0,0,0,0,0
17035,170,0,0,8,41,211,49,104,2,78,151,0
17036,499,0,0,3,0,32,0,0,0,0,0,0
17037,241,0,0,6,28,6,0,65,243,254,0,0
17037,170,0,0,8,41,211,49,104,4,78,150,0
17048,190,0,0,6,4,1,0,4,227,254,0,0
17049,1105,0,0,6,0,0,0,0,255,0,0,0
17050,460,0,0,5,0,0,0,0,0,0,0,0
17050,193,0,0,8,48,0,0,0,48,0,0,0
17061,197,0,0,8,48,0,0,0,48,3,187,62
17062,209,0,0,7,192,0,255,253,0,253,0,0
17062,489,0,0,8,0,0,0,14,175,249,0,0
17073,298,0,0,8,16,226,112,92,0,0,16,165
17074,608,0,0,8,200,0,0,0,0,0,0,0
17074,501,0,0,8,15,15,0,1,0,0,3,0
17075,462,0,0,4,16,0,7,254,0,0,0,0
17085,510,0,0,8,6,110,143,1,0,0,65,75
17086,1009,0,0,8,0,255,79,8,19,255,10,155
17086,241,0,0,6,40,7,0,65,241,253,0,0
17087,460,0,0,5,0,0,0,0,0,0,0,0
17098,170,0,0,8,41,211,49,104,4,78,150,0
17098,501,0,0,8,15,15,0,1,0,0,3,0
17099,193,0,0,8,0,0,0,0,0,0,0,0
17100,197,0,0,8,0,0,0,0,0,3,187,62
17111,241,0,0,6,52,7,0,65,241,252,0,0
17111,193,0,0,8,16,0,0,0,16,0,0,0
17112,455,0,0,7,9,110,118,145,0,0,63,0
17112,481,0,0,7,0,0,0,0,0,16,240,0
17123,170,0,0,8,41,211,49,104,0,78,152,0
17124,510,0,0,8,6,110,143,1,0,0,129,83
17124,866,0,0,4,0,0,0,0,0,0,0,0
17135,170,0,0,8,41,211,49,104,2,78,151,0
17136,190,0,0,6,0,1,0,4,227,255,0,0
17136,241,0,0,6,52,7,0,65,241,252,0,0
17137,170,0,0,8,41,211,49,104,4,78,150,0
17148,190,0,0,6,4,1,0,4,227,254,0,0
17149,431,0,0,8,32,0,0,16,0,0,0,255
17149,1001,0,0,8,0,0,0,0,0,0,0,0
17150,460,0,0,5,0,0,0,0,0,0,0,0
17161,193,0,0,8,16,0,0,0,16,0,0,0
17161,197,0,0,8,32,0,0,0,32,3,187,62
17162,485,0,0,8,92,255,222,48,0,0,2,165
17162,298,0,0,8,16,226,112,92,0,0,16,181
17173,608,0,0,8,200,0,0,0,0,0,0,0
17174,501,0,0,8,15,15,0,1,0,0,3,0
17174,462,0,0,4,24,0,7,253,0,0,0,0
17175,510,0,0,8,6,110,143,1,0,0,193,91
17186,866,0,0,4,0,0,0,0,0,0,0,0
17186,241,0,0,6,0,7,0,65,241,255,0,0
17187,460,0,0,5,0,0,0,0,0,0,0,0
17187,170,0,0,8,41,211,49,104,4,78,150,0
17198,190,0,0,6,4,1,0,4,227,254,0,0
17199,193,0,0,8,32,0,0,0,32,0,0,0
17199,197,0,0,8,32,0,0,0,32,3,187,62
17200,241,0,0,6,28,6,0,65,243,254,0,0
17211,209,0,0,7,64,0,127,255,0,255,0,0
17211,241,0,0,6,40,6,0,65,243,253,0,0
17212,485,0,0,8,92,255,221,80,0,0,2,196
17223,499,0,0,3,128,160,0,0,0,0,0,0
17223,170,0,0,8,41,211,49,104,0,78,152,0
17224,510,0,0,8,6,110,139,2,0,0,1,64
17224,866,0,0,4,0,0,0,0,0,0,0,0
17235,170,0,0,8,41,211,49,104,2,78,151,0
17236,462,0,0,4,16,0,7,254,0,0,0,0
17237,241,0,0,6,28,6,0,65,243,254,0,0
17237,1005,0,0,6,0,0,0,0,0,255,0,0
17248,170,0,0,8,41,211,49,104,4,78,150,0
17249,431,0,0,8,32,0,0,16,0,0,0,255
17249,460,0,0,5,0,0,0,0,0,0,0,0
17250,193,0,0,8,48,0,0,0,48,0,0,0
17261,197,0,0,8,48,0,0,0,48,3,187,62
17262,197,0,0,8,0,0,0,0,0,3,187,62
17262,485,0,0,8,92,255,221,112,0,0,2,228
17263,481,0,0,7,0,0,0,0,1,20,224,0
17273,608,0,0,8,200,0,0,0,0,0,0,0
17274,844,0,0,8,234,149,31,250,3,243,0,0
17275,462,0,0,4,0,0,0,0,0,0,0,0
17285,510,0,0,8,6,110,143,2,0,0,65,76
17286,866,0,0,4,0,0,0,0,0,0,0,0
17286,241,0,0,6,40,6,0,65,243,253,0,0
17287,460,0,0,5,0,0,0,0,0,0,0,0
17297,170,0,0,8,41,211,49,104,4,78,150,0
17298,193,0,0,8,0,0,0,0,0,0,0,0
17299,197,0,0,8,0,0,0,0,0,3,187,62
17300,241,0,0,6,52,6,0,65,243,252,0,0
17310,209,0,0,7,192,0,255,253,0,253,0,0
17311,193,0,0,8,16,0,0,0,16,0,0,0
17312,209,0,0,7,0,0,0,0,0,0,0,0
17312,170,0,0,8,41,211,49,104,0,78,152,0
17323,190,0,0,6,12,1,0,4,227,252,0,0
17324,844,0,0,8,242,148,31,248,3,243,0,0
17324,510,0,0,8,6,110,143,2,0,0,129,84
17325,866,0,0,4,0,0,0,0,0,0,0,0
17335,170,0,0,8,41,211,49,104,2,78,151,0
17336,1009,0,0,8,0,255,79,8,19,255,10,155
17337,241,0,0,6,52,7,0,65,241,252,0,0
17348,170,0,0,8,41,211,49,104,4,78,150,0
17349,190,0,0,6,4,2,0,4,227,253,0,0
17349,985,0,0,5,2,0,0,0,0,0,0,0
17350,460,0,0,5,0,0,0,0,0,0,0,0
17361,1217,0,0,8,0,194,103,92,155,0,0,0
17361,197,0,0,8,32,0,0,0,32,3,187,62
17362,489,0,0,8,0,0,0,14,175,250,0,0
17363,298,0,0,8,16,226,112,92,0,0,16,149
17373,608,0,0,8,200,0,0,0,0,0,0,0
17374,431,0,0,8,32,0,0,16,0,0,0,255
17375,1233,0,0,8,0,0,0,3,19,70,0,0
17375,462,0,0,4,8,0,7,255,0,0,0,0
17386,510,0,0,8,6,110,143,2,0,0,193,92
17386,241,0,0,6,0,7,0,65,241,255,0,0
17387,460,0,0,5,0,0,0,0,0,0,0,0
17387,170,0,0,8,41,211,49,104,4,78,150,0
17398,190,0,0,6,4,1,0,4,227,254,0,0
17399,193,0,0,8,32,0,0,0,32,0,0,0
17400,197,0,0,8,32,0,0,0,32,3,187,62
17400,241,0,0,6,28,6,0,65,243,254,0,0
17411,209,0,0,7,64,0,127,255,0,255,0,0
17412,209,0,0,7,128,0,191,254,0,254,0,0
17412,840,0,0,5,0,0,0,0,27,0,0,0
17423,170,0,0,8,41,211,49,104,0,78,152,0
17423,190,0,0,6,12,1,0,4,227,252,0,0
17424,510,0,0,8,6,110,139,1,0,0,1,63
17424,866,0,0,4,0,0,0,0,0,0,0,0
17435,170,0,0,8,41,211,49,104,2,78,151,0
17436,241,0,0,6,28,7,0,65,241,254,0,0
17437,170,0,0,8,41,211,49,104,4,78,150,0
17437,190,0,0,6,4,1,0,4,227,254,0,0
17448,193,0,0,8,32,0,0,0,32,0,0,0
17449,979,0,0,8,0,0,32,0,127,253,92,197
17450,1001,0,0,8,0,0,0,0,0,0,0,0
17450,193,0,0,8,48,0,0,0,48,0,0,0
17461,197,0,0,8,48,0,0,0,48,3,187,62
17462,241,0,0,6,52,6,0,65,243,252,0,0
17462,489,0,0,8,0,0,0,14,175,250,0,0
17463,298,0,0,8,16,226,112,92,0,0,16,165
17474,608,0,0,8,200,0,0,0,0,0,0,0
17474,844,0,0,8,234,150,31,250,3,244,0,0
17475,462,0,0,4,16,0,7,254,0,0,0,0
17485,510,0,0,8,6,110,143,1,0,0,65,75
17486,866,0,0,4,0,0,0,0,0,0,0,0
17487,241,0,0,6,40,7,0,65,241,253,0,0
17487,460,0,0,5,0,0,0,0,0,0,0,0
17498,1005,0,0,6,0,0,0,0,0,255,0,0
17498,241,0,0,6,52,7,0,65,241,252,0,0
17499,193,0,0,8,0,0,0,0,0,0,0,0
17500,197,0,0,8,0,0,0,0,0,3,187,62
17511,481,0,0,7,0,0,0,0,1,20,224,0
17511,193,0,0,8,16,0,0,0,16,0,0,0
17512,455,0,0,7,9,110,118,145,0,0,63,0
17512,170,0,0,8,41,211,49,104,0,78,152,0
17523,190,0,0,6,12,1,0,4,227,252,0,0
17524,510,0,0,8,6,94,143,1,0,0,129,67
17524,866,0,0,4,0,0,0,0,0,0,0,0
17525,170,0,0,8,41,211,49,104,2,78,151,0
17536,190,0,0,6,0,1,0,4,227,255,0,0
17536,1105,0,0,6,0,0,0,0,255,0,0,0
17537,241,0,0,6,52,7,0,65,241,252,0,0
17537,170,0,0,8,41,211,49,104,4,78,150,0
17548,190,0,0,6,4,1,0,4,227,254,0,0
17549,501,0,0,8,15,15,0,1,0,0,3,0
17550,193,0,0,8,16,0,0,0,16,0,0,0
17550,197,0,0,8,16,0,0,0,16,3,187,62
17561,352,0,0,5,192,12,142,244,3,0,0,0
17562,209,0,0,7,64,0,127,255,0,255,0,0
17562,840,0,0,5,0,0,0,0,27,0,0,0
17573,298,0,0,8,16,226,112,92,0,0,16,181
17574,608,0,0,8,200,0,0,0,0,0,0,0
17574,844,0,0,8,250,150,31,249,3,243,0,0
17575,462,0,0,4,24,0,7,253,0,0,0,0
17586,510,0,0,8,6,110,143,2,0,0,193,92
17586,241,0,0,6,0,6,0,65,243,255,0,0
17587,460,0,0,5,0,0,0,0,0,0,0,0
17587,170,0,0,8,41,211,49,104,4,78,150,0
17598,190,0,0,6,4,1,0,4,227,254,0,0
17599,241,0,0,6,28,7,0,65,241,254,0,0
17599,193,0,0,8,32,0,0,0,32,0,0,0
17600,499,0,0,3,192,224,0,0,0,0,0,0
17611,197,0,0,8,32,0,0,0,32,3,187,62
17611,209,0,0,7,128,0,191,254,0,254,0,0
17612,840,0,0,5,0,0,0,0,27,0,0,0
17623,170,0,0,8,41,211,49,104,0,78,152,0
17623,190,0,0,6,12,1,0,4,227,252,0,0
17624,510,0,0,8,6,110,143,1,0,0,1,67
17624,866,0,0,4,0,0,0,0,0,0,0,0
17635,170,0,0,8,41,211,49,104,2,78,151,0
17636,462,0,0,4,16,0,7,254,0,0,0,0
17636,241,0,0,6,28,7,0,65,241,254,0,0
17637,170,0,0,8,41,211,49,104,4,78,150,0
17648,190,0,0,6,4,1,0,4,227,254,0,0
17649,431,0,0,8,32,0,0,16,0,0,0,255
17649,1001,0,0,8,0,0,0,0,0,0,0,0
17650,193,0,0,8,48,0,0,0,48,0,0,0
17661,197,0,0,8,48,0,0,0,48,3,187,62
17661,197,0,0,8,0,0,0,0,0,3,187,62
17662,485,0,0,8,92,255,222,112,0,0,2,229
17663,298,0,0,8,16,226,112,92,0,0,16,133
17673,608,0,0,8,200,0,0,0,0,0,0,0
17674,309,0,0,8,0,0,8,86,98,13,26,57
17674,462,0,0,4,0,0,0,0,0,0,0,0
17675,510,0,0,8,6,110,143,1,0,0,65,75
17686,866,0,0,4,0,0,0,0,0,0,0,0
17686,241,0,0,6,40,6,0,65,243,253,0,0
17687,460,0,0,5,0,0,0,0,0,0,0,0
17697,170,0,0,8,41,211,49,104,4,78,150,0
17698,190,0,0,6,4,1,0,4,227,254,0,0
17699,193,0,0,8,0,0,0,0,0,0,0,0
17700,197,0,0,8,0,0,0,0,0,3,187,62
17700,241,0,0,6,52,7,0,65,241,252,0,0
17711,193,0,0,8,16,0,0,0,16,0,0,0
17711,481,0,0,7,0,0,0,0,0,16,240,0
17712,485,0,0,8,92,255,221,16,0,0,2,132
17723,170,0,0,8,41,211,49,104,0,78,152,0
17723,190,0,0,6,12,1,0,4,227,252,0,0
17724,510,0,0,8,6,110,143,2,0,0,129,84
17724,866,0,0,4,0,0,0,0,0,0,0,0
17735,170,0,0,8,41,211,49,104,2,78,151,0
17736,241,0,0,6,52,6,0,65,243,252,0,0
17737,1005,0,0,6,0,0,0,0,0,255,0,0
17737,170,0,0,8,41,211,49,104,4,78,150,0
17748,190,0,0,6,4,1,0,4,227,254,0,0
17749,979,0,0,8,0,0,32,0,95,254,92,134
17750,460,0,0,5,0,0,0,0,0,0,0,0
17750,193,0,0,8,16,0,0,0,16,0,0,0
17761,197,0,0,8,16,0,0,0,16,3,187,62
17762,209,0,0,7,64,0,127,255,0,255,0,0
17762,489,0,0,8,0,0,0,14,175,249,0,0
17773,298,0,0,8,16,226,112,92,0,0,16,149
17774,608,0,0,8,200,0,0,0,0,0,0,0
17774,844,0,0,8,250,150,31,249,3,243,0,0
17775,462,0,0,4,8,0,7,255,0,0,0,0
17785,510,0,0,8,6,110,139,1,0,0,193,87
17786,499,0,0,3,64,96,0,0,0,0,0,0
17786,241,0,0,6,0,7,0,65,241,255,0,0
17787,460,0,0,5,0,0,0,0,0,0,0,0
17798,170,0,0,8,41,211,49,105,4,78,149,0
17798,193,0,0,8,32,0,0,0,32,0,0,0
17799,197,0,0,8,32,0,0,0,32,3,187,62
17800,241,0,0,6,28,7,0,65,241,254,0,0
17811,209,0,0,7,64,0,127,255,0,255,0,0
17811,193,0,0,8,48,0,0,0,48,0,0,0
17812,209,0,0,7,128,0,191,254,0,254,0,0
17822,499,0,0,3,128,160,0,0,0,0,0,0
17823,170,0,0,8,41,211,49,105,0,78,151,0
17824,510,0,0,8,6,110,143,1,0,0,1,67
17824,866,0,0,4,0,0,0,0,0,0,0,0
17835,170,0,0,8,41,211,49,105,2,78,150,0
17836,462,0,0,4,0,0,0,0,0,0,0,0
17836,1009,0,0,8,0,255,79,8,19,255,10,155
17837,241,0,0,6,28,6,0,65,243,254,0,0
17848,170,0,0,8,41,211,49,105,4,78,149,0
17849,977,0,0,8,0,74,128,0,0,0,0,255
17849,501,0,0,8,15,15,0,1,0,0,3,0
17850,1001,0,0,8,0,0,0,0,0,0,0,0
17861,1919,0,0,7,0,24,0,0,0,0,0,0
17862,197,0,0,8,0,0,0,0,0,3,187,62
17862,485,0,0,8,92,255,222,112,0,0,2,229
17863,298,0,0,8,16,226,112,92,0,0,16,165
17874,608,0,0,8,200,0,0,0,0,0,0,0
17875,501,0,0,8,15,15,0,1,0,0,3,0
17875,1233,0,0,8,0,0,0,3,19,70,0,0
17876,1906,0,0,7,0,17,0,0,0,0,0,0
17887,1257,0,0,6,225,0,0,217,49,0,0,0
17887,241,0,0,6,40,6,0,65,243,253,0,0
17888,460,0,0,5,0,0,0,0,0,0,0,0
17888,170,0,0,8,41,211,49,105,4,78,149,0
17899,190,0,0,6,4,1,0,4,227,254,0,0
17900,193,0,0,8,0,0,0,0,0,0,0,0
17900,499,0,0,3,64,96,0,0,0,0,0,0
17901,197,0,0,8,0,0,0,0,0,3,187,62
17912,209,0,0,7,192,0,255,253,0,253,0,0
17912,170,0,0,8,41,211,49,105,0,78,151,0
17913,190,0,0,6,12,1,0,4,227,252,0,0
17924,454,0,0,8,41,134,50,48,0,67,55,63
17924,201,0,0,8,0,0,0,45,0,0,24,0
17925,328,0,0,1,0,0,0,0,0,0,0,0
17925,1912,0,0,7,0,49,0,0,0,0,0,0
17936,510,0,0,8,6,110,143,1,0,0,129,83
17937,241,0,0,6,52,7,0,65,241,252,0,0
17937,170,0,0,8,41,211,49,105,4,78,149,0
17938,190,0,0,6,4,1,0,4,227,254,0,0
17949,193,0,0,8,0,0,0,0,0,0,0,0
17949,460,0,0,5,0,0,0,0,0,0,0,0
17950,193,0,0,8,16,0,0,0,16,0,0,0
17950,197,0,0,8,16,0,0,0,16,3,187,62
17961,241,0,0,6,0,6,0,65,243,255,0,0
17962,485,0,0,8,92,255,221,48,0,0,2,164
17962,298,0,0,8,16,226,112,92,0,0,16,181
17963,608,0,0,8,200,0,0,0,0,0,0,0
17974,609,0,0,6,128,0,0,0,0,0,0,0
17974,462,0,0,4,24,0,7,253,0,0,0,0
17975,510,0,0,8,6,110,143,1,0,0,193,91
17975,866,0,0,4,0,0,0,0,0,0,0,0
17986,170,0,0,8,41,211,49,105,2,78,150,0
17987,241,0,0,6,0,6,0,65,243,255,0,0
17987,460,0,0,5,0,0,0,0,0,0,0,0
17998,1005,0,0,6,0,0,0,0,0,255,0,0
17999,170,0,0,8,41,211,49,105,4,78,149,0
17999,193,0,0,8,32,0,0,0,32,0,0,0
18000,197,0,0,8,32,0,0,0,32,3,187,62
18011,810,0,0,8,6,141,204,189,107,2,0,142
18011,197,0,0,8,48,0,0,0,48,3,187,62
18012,455,0,0,7,9,110,182,144,0,0,63,0
18012,170,0,0,8,41,211,49,105,0,78,151,0
18023,190,0,0,6,12,1,0,4,227,252,0,0
18024,510,0,0,8,6,110,143,1,0,0,1,67
18024,866,0,0,4,0,0,0,0,0,0,0,0
18025,170,0,0,8,41,211,49,105,2,78,150,0
18036,190,0,0,6,0,2,0,4,227,254,0,0
18036,241,0,0,6,28,6,0,65,243,254,0,0
18037,170,0,0,8,41,211,49,105,4,78,149,0
18048,190,0,0,6,4,1,0,4,227,254,0,0
18049,193,0,0,8,32,0,0,0,32,0,0,0
18049,241,0,0,6,40,7,0,65,241,253,0,0
18050,1001,0,0,8,0,0,0,0,0,0,0,0
18061,193,0,0,8,48,0,0,0,48,0,0,0
18061,197,0,0,8,0,0,0,0,0,3,187,62
18062,485,0,0,8,92,255,221,112,0,0,2,228
18063,298,0,0,8,16,226,112,92,0,0,16,133
18073,608,0,0,8,200,0,0,0,0,0,0,0
18074,481,0,0,7,0,0,0,0,0,16,240,0
18074,462,0,0,4,0,0,0,0,0,0,0,0
18075,510,0,0,8,6,110,143,2,0,0,65,76
18086,866,0,0,4,0,0,0,0,0,0,0,0
18086,241,0,0,6,40,7,0,65,241,253,0,0
18087,460,0,0,5,0,0,0,0,0,0,0,0
18087,170,0,0,8,41,211,49,105,4,78,149,0
18098,190,0,0,6,4,1,0,4,227,254,0,0
18099,193,0,0,8,0,0,0,0,0,0,0,0
18100,197,0,0,8,0,0,0,0,0,3,187,62
18100,481,0,0,7,0,0,0,0,1,20,224,0
18111,209,0,0,7,192,0,255,253,0,253,0,0
18112,209,0,0,7,0,0,0,0,0,0,0,0
18112,840,0,0,5,0,0,0,0,27,0,0,0
18113,499,0,0,3,0,32,0,0,0,0,0,0
18123,170,0,0,8,41,211,49,105,0,78,151,0
18124,510,0,0,8,6,110,143,2,0,0,129,84
18124,866,0,0,4,0,0,0,0,0,0,0,0
18125,170,0,0,8,41,211,49,105,2,78,150,0
18136,190,0,0,6,0,2,0,4,227,254,0,0
18137,241,0,0,6,52,6,0,65,243,252,0,0
18137,170,0,0,8,41,211,49,105,4,78,149,0
18148,190,0,0,6,4,1,0,4,227,254,0,0
18149,193,0,0,8,0,0,0,0,0,0,0,0
18149,1001,0,0,8,0,0,0,0,0,0,0,0
18150,193,0,0,8,16,0,0,0,16,0,0,0
18150,197,0,0,8,16,0,0,0,16,3,187,62
18161,197,0,0,8,32,0,0,0,32,3,187,62
18162,485,0,0,8,92,255,221,48,0,0,2,164
18163,298,0,0,8,16,226,112,92,0,0,16,149
18173,608,0,0,8,200,0,0,0,0,0,0,0
18174,609,0,0,6,128,0,0,0,0,0,0,0
18174,462,0,0,4,8,0,7,255,0,0,0,0
18175,510,0,0,8,6,110,139,2,0,0,193,88
18186,866,0,0,4,0,0,0,0,0,0,0,0
18186,241,0,0,6,0,7,0,65,241,255,0,0
18187,460,0,0,5,0,0,0,0,0,0,0,0
18187,170,0,0,8,41,211,49,105,4,78,149,0
18198,190,0,0,6,4,2,0,4,227,253,0,0
18199,193,0,0,8,32,0,0,0,32,0,0,0
18199,197,0,0,8,32,0,0,0,32,3,187,62
18200,241,0,0,6,28,7,0,65,241,254,0,0
18211,209,0,0,7,64,0,127,255,0,255,0,0
18211,209,0,0,7,128,0,191,254,0,254,0,0
18212,840,0,0,5,0,0,0,0,27,0,0,0
18212,170,0,0,8,41,211,49,105,0,78,151,0
18223,190,0,0,6,12,1,0,4,227,252,0,0
18224,510,0,0,8,6,110,143,1,0,0,1,67
18224,866,0,0,4,0,0,0,0,0,0,0,0
18235,170,0,0,8,41,211,49,105,2,78,150,0
18236,190,0,0,6,0,1,0,4,227,255,0,0
18237,241,0,0,6,28,7,0,65,241,254,0,0
18237,1005,0,0,6,0,0,0,0,0,255,0,0
18248,170,0,0,8,41,211,49,105,4,78,149,0
18249,979,0,0,8,0,0,32,0,127,253,92,197
18249,460,0,0,5,0,0,0,0,0,0,0,0
18250,193,0,0,8,48,0,0,0,48,0,0,0
18261,197,0,0,8,48,0,0,0,48,3,187,62
18262,197,0,0,8,0,0,0,0,0,3,187,62
18262,489,0,0,8,0,0,0,14,175,249,0,0
18263,298,0,0,8,16,226,112,92,0,0,16,165
18273,608,0,0,8,200,0,0,0,0,0,0,0
18274,501,0,0,8,15,15,0,1,0,0,3,0
18275,462,0,0,4,16,0,7,254,0,0,0,0
18275,510,0,0,8,6,110,143,1,0,0,65,75
18286,866,0,0,4,0,0,0,0,0,0,0,0
18286,241,0,0,6,40,7,0,65,241,253,0,0
18287,460,0,0,5,0,0,0,0,0,0,0,0
18287,170,0,0,8,41,211,49,105,4,78,149,0
18298,190,0,0,6,4,1,0,4,227,254,0,0
18299,193,0,0,8,0,0,0,0,0,0,0,0
18300,197,0,0,8,0,0,0,0,0,3,187,62
18300,241,0,0,6,52,7,0,65,241,252,0,0
18311,209,0,0,7,192,0,255,253,0,253,0,0
18312,209,0,0,7,0,0,0,0,0,0,0,0
18312,840,0,0,5,0,0,0,0,27,0,0,0
18313,170,0,0,8,41,211,49,105,0,78,151,0
18323,454,0,0,8,41,134,50,48,0,67,55,63
18324,510,0,0,8,6,110,143,2,0,0,129,84
18325,866,0,0,4,0,0,0,0,0,0,0,0
18335,170,0,0,8,41,211,49,105,2,78,150,0
18336,190,0,0,6,0,1,0,4,227,255,0,0
18337,241,0,0,6,52,7,0,65,241,252,0,0
18338,170,0,0,8,41,211,49,105,4,78,149,0
18349,190,0,0,6,4,1,0,4,227,254,0,0
18349,977,0,0,8,0,74,128,0,0,0,0,255
18350,979,0,0,8,0,0,32,0,0,0,92,0
18350,1017,0,0,8,0,0,0,0,79,0,232,66
18361,193,0,0,8,16,0,0,0,16,0,0,0
18362,485,0,0,8,92,255,222,48,0,0,2,165
18363,298,0,0,8,16,226,112,92,0,0,16,181
18363,608,0,0,8,200,0,0,0,0,0,0,0
18374,609,0,0,6,128,0,0,0,0,0,0,0
18375,1233,0,0,8,0,0,0,3,19,70,0,0
18375,462,0,0,4,24,0,7,253,0,0,0,0
18376,510,0,0,8,6,110,143,1,0,0,193,91
18387,170,0,0,8,41,211,49,105,2,78,150,0
18387,241,0,0,6,0,7,0,65,241,255,0,0
18388,460,0,0,5,0,0,0,0,0,0,0,0
18398,170,0,0,8,41,211,49,105,4,78,149,0
18399,190,0,0,6,4,1,0,4,227,254,0,0
18400,193,0,0,8,32,0,0,0,32,0,0,0
18400,197,0,0,8,32,0,0,0,32,3,187,62
18411,481,0,0,7,0,0,0,0,3,28,192,0
18412,209,0,0,7,128,0,191,254,0,254,0,0
18412,170,0,0,8,41,211,49,105,0,78,151,0
18413,190,0,0,6,12,1,0,4,227,252,0,0
18424,454,0,0,8,41,134,50,48,0,67,55,63
18424,510,0,0,8,6,110,143,1,0,0,1,67
18425,866,0,0,4,0,0,0,0,0,0,0,0
18435,170,0,0,8,41,211,49,105,2,78,150,0
18436,190,0,0,6,0,1,0,4,227,255,0,0
18437,241,0,0,6,28,6,0,65,243,254,0,0
18437,170,0,0,8,41,211,49,105,4,78,149,0
18448,190,0,0,6,4,1,0,4,227,254,0,0
18449,501,0,0,8,15,15,0,1,0,0,3,0
18450,1001,0,0,8,0,0,0,0,0,0,0,0
18450,193,0,0,8,48,0,0,0,48,0,0,0
18461,197,0,0,8,48,0,0,0,48,3,187,62
18462,209,0,0,7,192,0,255,253,0,253,0,0
18462,489,0,0,8,0,0,0,14,175,248,0,0
18463,298,0,0,8,16,226,112,92,0,0,16,133
18474,608,0,0,8,200,0,0,0,0,0,0,0
18474,499,0,0,3,0,32,0,0,0,0,0,0
18475,462,0,0,4,0,0,0,0,0,0,0,0
18475,510,0,0,8,6,110,143,1,0,0,65,75
18486,866,0,0,4,0,0,0,0,0,0,0,0
18486,241,0,0,6,40,6,0,65,243,253,0,0
18487,460,0,0,5,0,0,0,0,0,0,0,0
18487,1005,0,0,6,0,0,0,0,0,255,0,0
18498,170,0,0,8,41,211,49,105,4,78,149,0
18499,193,0,0,8,0,0,0,0,0,0,0,0
18499,197,0,0,8,0,0,0,0,0,3,187,62
18500,241,0,0,6,52,7,0,65,241,252,0,0
18511,209,0,0,7,192,0,255,253,0,253,0,0
18511,209,0,0,7,0,0,0,0,0,0,0,0
18512,840,0,0,5,0,0,0,0,27,0,0,0
18512,170,0,0,8,41,211,49,105,0,78,151,0
18523,190,0,0,6,12,1,0,4,227,252,0,0
18524,510,0,0,8,6,110,143,1,0,0,129,83
18524,866,0,0,4,0,0,0,0,0,0,0,0
18535,170,0,0,8,41,211,49,105,2,78,150,0
18536,190,0,0,6,0,1,0,4,227,255,0,0
18537,241,0,0,6,52,6,0,65,243,252,0,0
18537,170,0,0,8,41,211,49,105,4,78,149,0
18548,190,0,0,6,4,1,0,4,227,254,0,0
18549,431,0,0,8,32,0,0,16,0,0,0,255
18549,460,0,0,5,0,0,0,0,0,0,0,0
18550,193,0,0,8,16,0,0,0,16,0,0,0
18561,197,0,0,8,16,0,0,0,16,3,187,62
18561,197,0,0,8,32,0,0,0,32,3,187,62
18562,485,0,0,8,92,255,222,48,0,0,2,165
18563,298,0,0,8,16,226,112,92,0,0,16,149
18573,608,0,0,8,200,0,0,0,0,0,0,0
18574,309,0,0,8,0,0,8,86,98,13,26,58
18575,462,0,0,4,8,0,7,255,0,0,0,0
18575,510,0,0,8,6,110,143,1,0,0,193,91
18586,866,0,0,4,0,0,0,0,0,0,0,0
18586,241,0,0,6,0,7,0,65,241,255,0,0
18587,460,0,0,5,0,0,0,0,0,0,0,0
18587,170,0,0,8,41,211,49,105,4,78,149,0
18598,190,0,0,6,4,1,0,4,227,254,0,0
18599,193,0,0,8,32,0,0,0,32,0,0,0
18600,197,0,0,8,32,0,0,0,32,3,187,62
18611,810,0,0,8,6,141,204,189,107,2,0,142
18611,209,0,0,7,64,0,127,255,0,255,0,0
18612,455,0,0,7,9,110,54,146,0,0,63,0
18612,481,0,0,7,0,0,0,0,2,24,208,0
18623,170,0,0,8,41,211,49,105,0,78,151,0
18624,844,0,0,8,226,148,31,250,3,243,0,0
18624,510,0,0,8,6,110,143,1,0,0,1,67
18625,866,0,0,4,0,0,0,0,0,0,0,0
18636,170,0,0,8,41,211,49,105,2,78,150,0
18636,241,0,0,6,28,6,0,65,243,254,0,0
18637,170,0,0,8,41,211,49,105,4,78,149,0
18648,190,0,0,6,4,1,0,4,227,254,0,0
18649,193,0,0,8,32,0,0,0,32,0,0,0
18649,501,0,0,8,15,15,0,1,0,0,3,0
18650,193,0,0,8,48,0,0,0,48,0,0,0
18661,197,0,0,8,48,0,0,0,48,3,187,62
18661,197,0,0,8,0,0,0,0,0,3,187,62
18662,485,0,0,8,92,255,222,112,0,0,2,229
18662,298,0,0,8,16,226,112,92,0,0,16,165
18673,608,0,0,8,200,0,0,0,0,0,0,0
18674,485,0,0,8,92,255,222,16,0,0,2,133
18674,462,0,0,4,16,0,7,254,0,0,0,0
18675,510,0,0,8,6,110,143,1,0,0,65,75
18686,866,0,0,4,0,0,0,0,0,0,0,0
18686,241,0,0,6,40,7,0,65,241,253,0,0
18687,460,0,0,5,0,0,0,0,0,0,0,0
18687,170,0,0,8,41,211,49,105,4,78,149,0
18698,190,0,0,6,4,1,0,4,227,254,0,0
18699,193,0,0,8,0,0,0,0,0,0,0,0
18699,197,0,0,8,0,0,0,0,0,3,187,62
18700,241,0,0,6,52,7,0,65,241,252,0,0
18711,209,0,0,7,192,0,255,253,0,253,0,0
18711,197,0,0,8,16,0,0,0,16,3,187,62
18712,485,0,0,8,92,255,221,16,0,0,2,132
18723,170,0,0,8,41,211,49,105,0,78,151,0
18723,454,0,0,8,41,134,50,48,0,67,55,63
18724,510,0,0,8,6,110,139,1,0,0,129,79
18725,866,0,0,4,0,0,0,0,0,0,0,0
18735,170,0,0,8,41,211,49,105,2,78,150,0
18736,1105,0,0,6,0,0,0,0,255,0,0,0
18737,241,0,0,6,52,7,0,65,241,252,0,0
18737,1005,0,0,6,0,0,0,0,0,255,0,0
18748,170,0,0,8,41,211,49,105,4,78,149,0
18749,979,0,0,8,0,0,32,0,0,0,92,0
18750,1001,0,0,8,0,0,0,0,0,0,0,0
18750,193,0,0,8,16,0,0,0,16,0,0,0
18761,197,0,0,8,16,0,0,0,16,3,187,62
18762,209,0,0,7,64,0,127,255,0,255,0,0
18762,489,0,0,8,0,0,0,14,175,248,0,0
18763,481,0,0,7,0,0,0,0,3,28,192,0
18774,608,0,0,8,200,0,0,0,0,0,0,0
18774,844,0,0,8,250,149,31,248,3,243,0,0
18775,462,0,0,4,24,0,7,253,0,0,0,0
18785,510,0,0,8,6,110,139,1,0,0,193,87
18786,866,0,0,4,0,0,0,0,0,0,0,0
18786,241,0,0,6,0,7,0,65,241,255,0,0
18787,460,0,0,5,0,0,0,0,0,0,0,0
18798,170,0,0,8,41,211,49,103,4,78,151,0
18798,241,0,0,6,28,6,0,65,243,254,0,0
18799,193,0,0,8,32,0,0,0,32,0,0,0
18800,499,0,0,3,192,224,0,0,0,0,0,0
18810,197,0,0,8,32,0,0,0,32,3,187,62
18811,193,0,0,8,48,0,0,0,48,0,0,0
18812,455,0,0,7,9,110,182,144,0,0,63,0
18812,170,0,0,8,41,211,49,103,0,78,153,0
18823,454,0,0,8,41,134,50,48,0,67,55,63
18824,844,0,0,8,226,147,31,250,3,242,0,0
18824,510,0,0,8,6,110,143,1,0,0,1,67
18835,866,0,0,4,0,0,0,0,0,0,0,0
18836,170,0,0,8,41,211,49,103,2,78,152,0
18836,499,0,0,3,0,32,0,0,0,0,0,0
18837,241,0,0,6,28,6,0,65,243,254,0,0
18848,170,0,0,8,41,211,49,103,4,78,151,0
18849,431,0,0,8,32,0,0,16,0,0,0,255
18849,460,0,0,5,0,0,0,0,0,0,0,0
18850,1225,0,0,7,64,89,0,0,16,0,0,0
18861,1919,0,0,7,0,24,0,0,0,0,0,0
18861,197,0,0,8,0,0,0,0,0,3,187,62
18862,489,0,0,8,0,0,0,14,175,249,0,0
18863,298,0,0,8,16,226,112,92,0,0,16,133
18874,608,0,0,8,200,0,0,0,0,0,0,0
18875,501,0,0,8,15,15,0,1,0,0,3,0
18875,1280,0,0,4,64,110,1,244,0,0,0,0
18876,1906,0,0,7,0,17,0,0,0,0,0,0
18886,510,0,0,8,6,110,139,2,0,0,65,72
18887,241,0,0,6,40,7,0,65,241,253,0,0
18888,460,0,0,5,0,0,0,0,0,0,0,0
18888,170,0,0,8,41,211,49,103,4,78,151,0
18899,190,0,0,6,4,1,0,4,227,254,0,0
18900,193,0,0,8,0,0,0,0,0,0,0,0
18900,197,0,0,8,0,0,0,0,0,3,187,62
18901,241,0,0,6,52,7,0,65,241,252,0,0
18912,209,0,0,7,192,0,255,253,0,253,0,0
18912,840,0,0,5,0,0,0,0,27,0,0,0
18913,481,0,0,7,0,0,0,0,0,16,240,0
18914,170,0,0,8,41,211,49,103,0,78,153,0
18924,190,0,0,6,12,1,0,4,227,252,0,0
18925,328,0,0,1,0,0,0,0,0,0,0,0
18925,1912,0,0,7,0,49,0,0,0,0,0,0
18926,510,0,0,8,6,110,143,1,0,0,129,83
18937,170,0,0,8,41,211,49,103,2,78,152,0
18937,241,0,0,6,52,6,0,65,243,252,0,0
18938,170,0,0,8,41,211,49,103,4,78,151,0
18949,190,0,0,6,4,1,0,4,227,254,0,0
18950,193,0,0,8,0,0,0,0,0,0,0,0
18950,193,0,0,8,16,0,0,0,16,0,0,0
18951,197,0,0,8,16,0,0,0,16,3,187,62
18962,352,0,0,5,192,12,142,244,3,0,0,0
18962,840,0,0,5,0,0,0,0,27,0,0,0
18962,298,0,0,8,16,226,112,92,0,0,16,149
18963,608,0,0,8,200,0,0,0,0,0,0,0
18974,609,0,0,6,128,0,0,0,0,0,0,0
18974,462,0,0,4,8,0,7,255,0,0,0,0
18975,510,0,0,8,6,110,143,1,0,0,193,91
18976,866,0,0,4,0,0,0,0,0,0,0,0
18986,170,0,0,8,41,211,49,103,2,78,152,0
18987,460,0,0,5,0,0,0,0,0,0,0,0
18987,241,0,0,6,0,6,0,65,243,255,0,0
18988,1005,0,0,6,0,0,0,0,0,255,0,0
18999,170,0,0,8,41,211,49,103,4,78,151,0
18999,193,0,0,8,32,0,0,0,32,0,0,0
19000,197,0,0,8,32,0,0,0,32,3,187,62
19000,481,0,0,7,0,0,0,0,3,28,192,0
19011,209,0,0,7,64,0,127,255,0,255,0,0
19012,485,0,0,8,92,255,222,80,0,0,2,197
19012,170,0,0,8,41,211,49,103,0,78,153,0
19023,454,0,0,8,41,134,50,48,0,67,55,63
19024,190,0,0,6,12,1,0,4,227,252,0,0
19024,510,0,0,8,6,110,143,2,0,0,1,68
19025,866,0,0,4,0,0,0,0,0,0,0,0
19036,170,0,0,8,41,211,49,103,2,78,152,0
19036,241,0,0,6,28,7,0,65,241,254,0,0
19037,170,0,0,8,41,211,49,103,4,78,151,0
19048,190,0,0,6,4,1,0,4,227,254,0,0
19048,193,0,0,8,32,0,0,0,32,0,0,0
19049,241,0,0,6,40,7,0,65,241,253,0,0
19050,193,0,0,8,48,0,0,0,48,0,0,0
19050,197,0,0,8,48,0,0,0,48,3,187,62
19061,197,0,0,8,0,0,0,0,0,3,187,62
19062,298,0,0,8,16,226,112,92,0,0,16,165
19062,481,0,0,7,0,0,0,0,1,20,224,0
19073,608,0,0,8,200,0,0,0,0,0,0,0
19074,609,0,0,6,128,0,0,0,0,0,0,0
19074,462,0,0,4,16,0,7,254,0,0,0,0
19075,510,0,0,8,6,110,143,1,0,0,65,75
19086,866,0,0,4,0,0,0,0,0,0,0,0
19086,460,0,0,5,0,0,0,0,0,0,0,0
19087,241,0,0,6,40,7,0,65,241,253,0,0
19087,170,0,0,8,41,211,49,103,4,78,151,0
19098,190,0,0,6,4,1,0,4,227,254,0,0
19099,241,0,0,6,52,7,0,65,241,252,0,0
19099,193,0,0,8,0,0,0,0,0,0,0,0
19100,197,0,0,8,0,0,0,0,0,3,187,62
19111,499,0,0,3,64,96,0,0,0,0,0,0
19111,241,0,0,6,0,6,0,65,243,255,0,0
19112,485,0,0,8,92,255,222,16,0,0,2,133
19112,170,0,0,8,41,211,49,103,0,78,153,0
19123,190,0,0,6,12,1,0,4,227,252,0,0
19124,510,0,0,8,6,110,139,2,0,0,129,80
19124,866,0,0,4,0,0,0,0,0,0,0,0
19125,170,0,0,8,41,211,49,103,2,78,152,0
19136,190,0,0,6,0,1,0,4,227,255,0,0
19136,241,0,0,6,52,6,0,65,243,252,0,0
19137,170,0,0,8,41,211,49,103,4,78,151,0
19148,190,0,0,6,4,1,0,4,227,254,0,0
19149,193,0,0,8,0,0,0,0,0,0,0,0
19149,985,0,0,5,2,0,0,0,0,0,0,0
19150,193,0,0,8,16,0,0,0,16,0,0,0
19161,197,0,0,8,16,0,0,0,16,3,187,62
19161,197,0,0,8,32,0,0,0,32,3,187,62
19162,485,0,0,8,92,255,222,48,0,0,2,165
19162,298,0,0,8,16,226,112,92,0,0,16,181
19173,608,0,0,8,200,0,0,0,0,0,0,0
19174,431,0,0,8,32,0,0,16,0,0,0,255
19174,462,0,0,4,24,0,7,253,0,0,0,0
19175,510,0,0,8,6,110,143,1,0,0,193,91
19186,866,0,0,4,0,0,0,0,0,0,0,0
19186,460,0,0,5,0,0,0,0,0,0,0,0
19187,241,0,0,6,0,7,0,65,241,255,0,0
19187,170,0,0,8,41,211,49,103,4,78,151,0
19198,190,0,0,6,4,1,0,4,227,254,0,0
19199,193,0,0,8,32,0,0,0,32,0,0,0
19199,197,0,0,8,32,0,0,0,32,3,187,62
19200,241,0,0,6,28,7,0,65,241,254,0,0
19211,209,0,0,7,64,0,127,255,0,255,0,0
19211,197,0,0,8,48,0,0,0,48,3,187,62
19212,455,0,0,7,9,110,182,144,0,0,63,0
19223,170,0,0,8,41,211,49,103,0,78,153,0
19223,454,0,0,8,41,134,50,48,0,67,55,63
19224,510,0,0,8,6,110,143,1,0,0,1,67
19225,866,0,0,4,0,0,0,0,0,0,0,0
19235,170,0,0,8,41,211,49,103,2,78,152,0
19236,462,0,0,4,16,0,7,254,0,0,0,0
19237,241,0,0,6,28,7,0,65,241,254,0,0
19237,1005,0,0,6,0,0,0,0,0,255,0,0
19248,170,0,0,8,41,211,49,103,4,78,151,0
19249,977,0,0,8,0,74,128,0,0,0,0,255
19250,985,0,0,5,2,0,0,0,0,0,0,0
19250,193,0,0,8,48,0,0,0,48,0,0,0
19261,352,0,0,5,192,12,142,244,3,0,0,0
19262,209,0,0,7,192,0,255,253,0,253,0,0
19262,840,0,0,5,0,0,0,0,27,0,0,0
19263,608,0,0,8,200,0,0,0,0,0,0,0
19274,609,0,0,6,128,0,0,0,0,0,0,0
19274,844,0,0,8,234,149,31,250,3,243,0,0
19275,462,0,0,4,0,0,0,0,0,0,0,0
19275,510,0,0,8,6,110,143,1,0,0,65,75
19286,866,0,0,4,0,0,0,0,0,0,0,0
19286,460,0,0,5,0,0,0,0,0,0,0,0
19287,241,0,0,6,40,6,0,65,243,253,0,0
19298,170,0,0,8,41,211,49,103,4,78,151,0
19298,190,0,0,6,4,1,0,4,227,254,0,0
19299,193,0,0,8,0,0,0,0,0,0,0,0
19300,197,0,0,8,0,0,0,0,0,3,187,62
19310,241,0,0,6,52,7,0,65,241,252,0,0
19311,193,0,0,8,16,0,0,0,16,0,0,0
19312,209,0,0,7,0,0,0,0,0,0,0,0
19312,840,0,0,5,0,0,0,0,27,0,0,0
19323,170,0,0,8,41,211,49,103,0,78,153,0
19323,501,0,0,8,15,15,0,1,0,0,3,0
19324,510,0,0,8,6,110,143,1,0,0,129,83
19325,866,0,0,4,0,0,0,0,0,0,0,0
19335,170,0,0,8,41,211,49,103,2,78,152,0
19336,1009,0,0,8,0,255,79,8,19,255,10,155
19337,241,0,0,6,52,7,0,65,241,252,0,0
19338,170,0,0,8,41,211,49,103,4,78,151,0
19349,190,0,0,6,4,1,0,4,227,254,0,0
19349,501,0,0,8,15,15,0,1,0,0,3,0
19350,1225,0,0,7,64,89,0,0,16,0,0,0
19350,1017,0,0,8,0,0,0,0,79,0,232,66
19361,193,0,0,8,16,0,0,0,16,0,0,0
19362,485,0,0,8,92,255,222,48,0,0,2,165
19363,298,0,0,8,16,226,112,92,0,0,16,149
19363,608,0,0,8,200,0,0,0,0,0,0,0
19374,609,0,0,6,128,0,0,0,0,0,0,0
19375,1223,0,0,2,16,151,0,0,0,0,0,0
19375,462,0,0,4,8,0,7,255,0,0,0,0
19376,510,0,0,8,6,110,143,1,0,0,193,91
19386,170,0,0,8,41,211,49,103,2,78,152,0
19387,460,0,0,5,0,0,0,0,0,0,0,0
19388,241,0,0,6,0,6,0,65,243,255,0,0
19398,170,0,0,8,41,211,49,103,4,78,151,0
19399,190,0,0,6,4,1,0,4,227,254,0,0
19400,193,0,0,8,32,0,0,0,32,0,0,0
19400,241,0,0,6,28,7,0,65,241,254,0,0
19411,197,0,0,8,32,0,0,0,32,3,187,62
19411,209,0,0,7,128,0,191,254,0,254,0,0
19412,840,0,0,5,0,0,0,0,27,0,0,0
19413,170,0,0,8,41,211,49,103,0,78,153,0
19423,454,0,0,8,41,134,50,48,0,67,55,63
19424,510,0,0,8,6,110,143,1,0,0,1,67
19425,866,0,0,4,0,0,0,0,0,0,0,0
19435,170,0,0,8,41,211,49,103,2,78,152,0
19436,190,0,0,6,0,1,0,4,227,255,0,0
19437,241,0,0,6,28,7,0,65,241,254,0,0
19437,170,0,0,8,41,211,49,103,4,78,151,0
19448,193,0,0,8,32,0,0,0,32,0,0,0
19449,431,0,0,8,32,0,0,16,0,0,0,255
19450,1105,0,0,6,0,0,0,0,255,0,0,0
19450,193,0,0,8,48,0,0,0,48,0,0,0
19461,197,0,0,8,48,0,0,0,48,3,187,62
19462,209,0,0,7,192,0,255,253,0,253,0,0
19462,489,0,0,8,0,0,0,14,175,250,0,0
19463,298,0,0,8,16,226,112,92,0,0,16,165
19473,608,0,0,8,200,0,0,0,0,0,0,0
19474,501,0,0,8,15,15,0,1,0,0,3,0
19475,462,0,0,4,16,0,7,254,0,0,0,0
19475,510,0,0,8,6,110,143,1,0,0,65,75
19486,866,0,0,4,0,0,0,0,0,0,0,0
19486,460,0,0,5,0,0,0,0,0,0,0,0
19487,241,0,0,6,40,6,0,65,243,253,0,0
19487,1005,0,0,6,0,0,0,0,0,255,0,0
19498,170,0,0,8,41,211,49,103,4,78,151,0
19499,193,0,0,8,0,0,0,0,0,0,0,0
19500,810,0,0,8,6,141,204,189,107,2,0,142
19510,197,0,0,8,0,0,0,0,0,3,187,62
19511,209,0,0,7,192,0,255,253,0,253,0,0
19512,481,0,0,7,0,0,0,0,0,16,240,0
19512,485,0,0,8,92,255,221,16,0,0,2,132
19523,170,0,0,8,41,211,49,103,0,78,153,0
19524,501,0,0,8,15,15,0,1,0,0,3,0
19524,510,0,0,8,6,110,143,1,0,0,129,83
19525,866,0,0,4,0,0,0,0,0,0,0,0
19535,170,0,0,8,41,211,49,103,2,78,152,0
19536,241,0,0,6,52,6,0,65,243,252,0,0
19537,170,0,0,8,41,211,49,103,4,78,151,0
19537,190,0,0,6,4,1,0,4,227,254,0,0
19548,193,0,0,8,0,0,0,0,0,0,0,0
19549,460,0,0,5,0,0,0,0,0,0,0,0
19550,985,0,0,5,2,0,0,0,0,0,0,0
19550,193,0,0,8,16,0,0,0,16,0,0,0
19561,352,0,0,5,192,12,142,244,3,0,0,0
19562,209,0,0,7,64,0,127,255,0,255,0,0
19562,840,0,0,5,0,0,0,0,27,0,0,0
19563,298,0,0,8,16,226,112,92,0,0,16,181
19574,608,0,0,8,200,0,0,0,0,0,0,0
19574,844,0,0,8,250,151,31,250,3,243,0,0
19575,462,0,0,4,24,0,7,253,0,0,0,0
19585,510,0,0,8,6,110,143,2,0,0,193,92
19586,866,0,0,4,0,0,0,0,0,0,0,0
19587,460,0,0,5,0,0,0,0,0,0,0,0
19587,241,0,0,6,0,7,0,65,241,255,0,0
19598,170,0,0,8,41,211,49,103,4,78,151,0
19599,1017,0,0,8,0,0,0,0,79,0,232,66
19599,193,0,0,8,32,0,0,0,32,0,0,0
19600,197,0,0,8,32,0,0,0,32,3,187,62
19611,241,0,0,6,28,7,0,65,241,254,0,0
19611,193,0,0,8,48,0,0,0,48,0,0,0
19612,455,0,0,7,9,110,182,144,0,0,63,0
19612,499,0,0,3,128,160,0,0,0,0,0,0
19623,170,0,0,8,41,211,49,103,0,78,153,0
19624,510,0,0,8,6,110,143,1,0,0,1,67
19624,866,0,0,4,0,0,0,0,0,0,0,0
19625,170,0,0,8,41,211,49,103,2,78,152,0
19636,190,0,0,6,0,1,0,4,227,255,0,0
19636,1105,0,0,6,0,0,0,0,255,0,0,0
19637,241,0,0,6,28,7,0,65,241,254,0,0
19648,170,0,0,8,41,211,49,103,4,78,151,0
19648,190,0,0,6,4,1,0,4,227,254,0,0
19649,979,0,0,8,0,0,32,0,63,255,92,71
19650,193,0,0,8,48,0,0,0,48,0,0,0
19661,197,0,0,8,48,0,0,0,48,3,187,62
19661,193,0,0,8,0,0,0,0,0,0,0,0
19662,209,0,0,7,192,0,255,253,0,253,0,0
19662,840,0,0,5,0,0,0,0,27,0,0,0
19673,481,0,0,7,0,0,0,0,1,20,224,0
19674,431,0,0,8,32,0,0,16,0,0,0,255
19674,462,0,0,4,0,0,0,0,0,0,0,0
19675,510,0,0,8,6,110,143,1,0,0,65,75
19686,866,0,0,4,0,0,0,0,0,0,0,0
19686,460,0,0,5,0,0,0,0,0,0,0,0
19686,241,0,0,6,40,6,0,65,243,253,0,0
19687,170,0,0,8,41,211,49,103,4,78,151,0
19698,190,0,0,6,4,2,0,4,227,253,0,0
19699,193,0,0,8,0,0,0,0,0,0,0,0
19699,197,0,0,8,0,0,0,0,0,3,187,62
19700,241,0,0,6,52,7,0,65,241,252,0,0
19711,209,0,0,7,192,0,255,253,0,253,0,0
19711,197,0,0,8,16,0,0,0,16,3,187,62
19712,485,0,0,8,92,255,222,16,0,0,2,133
19712,170,0,0,8,41,211,49,103,0,78,153,0
19723,454,0,0,8,41,134,50,48,0,67,55,63
19724,501,0,0,8,15,15,0,1,0,0,3,0
19724,510,0,0,8,6,110,143,1,0,0,129,83
19735,866,0,0,4,0,0,0,0,0,0,0,0
19736,170,0,0,8,41,211,49,103,2,78,152,0
19737,241,0,0,6,52,6,0,65,243,252,0,0
19737,1005,0,0,6,0,0,0,0,0,255,0,0
19748,170,0,0,8,41,211,49,103,4,78,151,0
19749,431,0,0,8,32,0,0,16,0,0,0,255
19749,985,0,0,5,2,0,0,0,0,0,0,0
19750,193,0,0,8,16,0,0,0,16,0,0,0
19761,241,0,0,6,0,6,0,65,243,255,0,0
19761,197,0,0,8,32,0,0,0,32,3,187,62
19762,485,0,0,8,92,255,221,48,0,0,2,164
19763,298,0,0,8,16,226,112,92,0,0,16,149
19773,608,0,0,8,200,0,0,0,0,0,0,0
19774,485,0,0,8,92,255,222,80,0,0,2,197
19774,462,0,0,4,8,0,7,255,0,0,0,0
19775,510,0,0,8,6,110,143,2,0,0,193,92
19786,866,0,0,4,0,0,0,0,0,0,0,0
19786,460,0,0,5,0,0,0,0,0,0,0,0
19787,241,0,0,6,0,6,0,65,243,255,0,0
19797,170,0,0,8,41,211,49,103,4,78,151,0
19798,190,0,0,6,4,1,0,4,227,254,0,0
19799,193,0,0,8,32,0,0,0,32,0,0,0
19800,810,0,0,8,6,141,204,189,107,2,0,142
19811,197,0,0,8,32,0,0,0,32,3,187,62
19811,193,0,0,8,48,0,0,0,48,0,0,0
19812,481,0,0,7,0,0,0,0,2,24,208,0
19812,485,0,0,8,92,255,221,80,0,0,2,196
19823,170,0,0,8,41,211,49,103,0,78,153,0
19824,844,0,0,8,226,147,31,248,3,244,0,0
19824,510,0,0,8,6,94,143,1,0,0,1,51
19825,866,0,0,4,0,0,0,0,0,0,0,0
19836,170,0,0,8,41,211,49,103,2,78,152,0
19837,1009,0,0,8,0,255,79,8,19,255,10,155
19837,241,0,0,6,28,6,0,65,243,254,0,0
19848,170,0,0,8,41,211,49,103,4,78,151,0
19849,190,0,0,6,4,1,0,4,227,254,0,0
19850,977,0,0,8,0,74,128,0,0,0,0,255
19850,985,0,0,5,2,0,0,0,0,0,0,0
19861,1017,0,0,8,0,0,0,0,79,0,232,66
19862,209,0,0,7,192,0,255,253,0,253,0,0
19862,840,0,0,5,0,0,0,0,27,0,0,0
19863,298,0,0,8,16,226,112,92,0,0,16,165
19874,608,0,0,8,200,0,0,0,0,0,0,0
19874,197,0,0,8,16,0,0,0,16,3,187,62
19875,455,0,0,7,9,110,246,143,0,0,63,0
19876,462,0,0,4,16,0,7,254,0,0,0,0
19886,510,0,0,8,6,110,143,1,0,0,65,75
19887,460,0,0,5,0,0,0,0,0,0,0,0
19887,241,0,0,6,40,7,0,65,241,253,0,0
19888,170,0,0,8,41,211,49,103,4,78,151,0
19899,190,0,0,6,4,1,0,4,227,254,0,0
19899,193,0,0,8,0,0,0,0,0,0,0,0
19900,481,0,0,7,0,0,0,0,1,20,224,0
19901,197,0,0,8,0,0,0,0,0,3,187,62
19911,209,0,0,7,192,0,255,253,0,253,0,0
19912,485,0,0,8,92,255,222,16,0,0,2,133
19913,1300,0,0,8,71,84,85,50,78,69,67,50
19924,170,0,0,8,41,211,49,103,0,78,153,0
19924,454,0,0,8,41,134,50,48,0,67,55,63
19925,328,0,0,1,0,0,0,0,0,0,0,0
19925,1912,0,0,7,0,49,0,0,0,0,0,0
19936,510,0,0,8,6,110,143,1,0,0,129,83
19937,241,0,0,6,52,7,0,65,241,252,0,0
19937,170,0,0,8,41,211,49,103,4,78,151,0
19938,193,0,0,8,0,0,0,0,0,0,0,0
19949,190,0,0,6,4,1,0,4,227,254,0,0
19949,1105,0,0,6,0,0,0,0,255,0,0,0
19950,193,0,0,8,16,0,0,0,16,0,0,0
19951,197,0,0,8,16,0,0,0,16,3,187,62
19962,241,0,0,6,0,7,0,65,241,255,0,0
19962,489,0,0,8,0,0,0,14,175,250,0,0
19963,298,0,0,8,16,226,112,92,0,0,16,181
19963,608,0,0,8,200,0,0,0,0,0,0,0
19974,609,0,0,6,128,0,0,0,0,0,0,0
19975,462,0,0,4,24,0,7,253,0,0,0,0
19975,510,0,0,8,6,110,139,2,0,0,193,88
19986,866,0,0,4,0,0,0,0,0,0,0,0
19987,170,0,0,8,41,211,49,103,2,78,152,0
19987,460,0,0,5,0,0,0,0,0,0,0,0
19988,241,0,0,6,0,6,0,65,243,255,0,0
19998,1005,0,0,6,0,0,0,0,0,255,0,0
19999,193,0,0,8,32,0,0,0,32,0,0,0
20000,499,0,0,3,192,224,0,0,0,0,0,0
20000,197,0,0,8,32,0,0,0,32,3,187,62
20011,209,0,0,7,64,0,127,255,0,255,0,0
20011,455,0,0,7,9,110,182,144,0,0,63,0
20012,170,0,0,8,41,211,49,103,0,78,153,0
20013,454,0,0,8,41,134,50,48,0,67,55,63
20023,190,0,0,6,12,2,0,4,227,251,0,0
20024,510,0,0,8,6,110,143,1,0,0,1,67
20024,866,0,0,4,0,0,0,0,0,0,0,0
20025,170,0,0,8,41,211,49,103,2,78,152,0
20036,460,0,0,5,0,0,0,0,0,0,0,0
20037,241,0,0,6,28,7,0,65,241,254,0,0
20037,170,0,0,8,41,211,49,103,4,78,151,0
20048,190,0,0,6,4,1,0,4,227,254,0,0
20049,193,0,0,8,32,0,0,0,32,0,0,0
20049,979,0,0,8,0,0,32,0,63,255,92,71
20050,193,0,0,8,48,0,0,0,48,0,0,0
20061,352,0,0,5,192,12,142,244,3,0,0,0
20061,241,0,0,6,52,7,0,65,241,252,0,0
20062,489,0,0,8,0,0,0,14,175,250,0,0
20063,298,0,0,8,16,226,112,92,0,0,16,133
20073,608,0,0,8,200,0,0,0,0,0,0,0
20074,844,0,0,8,234,149,31,250,3,243,0,0
20074,462,0,0,4,0,0,0,0,0,0,0,0
20075,510,0,0,8,6,110,143,1,0,0,65,75
20086,866,0,0,4,0,0,0,0,0,0,0,0
20086,460,0,0,5,0,0,0,0,0,0,0,0
20087,241,0,0,6,40,7,0,65,241,253,0,0
20087,170,0,0,8,41,211,49,103,4,78,151,0
20098,190,0,0,6,4,1,0,4,227,254,0,0
20099,193,0,0,8,0,0,0,0,0,0,0,0
20100,197,0,0,8,0,0,0,0,0,3,187,62
20100,241,0,0,6,52,6,0,65,243,252,0,0
20111,209,0,0,7,192,0,255,253,0,253,0,0
20112,209,0,0,7,0,0,0,0,0,0,0,0
20112,840,0,0,5,0,0,0,0,27,0,0,0
20113,170,0,0,8,41,211,49,103,0,78,153,0
20124,454,0,0,8,41,134,50,48,0,67,55,63
20124,510,0,0,8,6,94,139,1,0,0,129,63
20125,866,0,0,4,0,0,0,0,0,0,0,0
20135,460,0,0,5,0,0,0,0,0,0,0,0
20136,170,0,0,8,41,211,49,103,2,78,152,0
20137,241,0,0,6,52,6,0,65,243,252,0,0
20137,170,0,0,8,41,211,49,103,4,78,151,0
20148,190,0,0,6,4,1,0,4,227,254,0,0
20149,501,0,0,8,15,15,0,1,0,0,3,0
20150,979,0,0,8,0,0,32,0,95,254,92,134
20150,193,0,0,8,16,0,0,0,16,0,0,0
20161,352,0,0,5,192,12,142,244,3,0,0,0
20162,209,0,0,7,64,0,127,255,0,255,0,0
20162,840,0,0,5,0,0,0,0,27,0,0,0
20163,298,0,0,8,16,226,112,92,0,0,16,149
20174,608,0,0,8,200,0,0,0,0,0,0,0
20174,844,0,0,8,250,151,31,250,3,243,0,0
20175,462,0,0,4,8,0,7,255,0,0,0,0
20185,510,0,0,8,6,126,139,1,0,0,193,103
20186,866,0,0,4,0,0,0,0,0,0,0,0
20186,460,0,0,5,0,0,0,0,0,0,0,0
20187,241,0,0,6,0,6,0,65,243,255,0,0
20198,170,0,0,8,41,211,49,103,4,78,151,0
20199,241,0,0,6,28,6,0,65,243,254,0,0
20199,193,0,0,8,32,0,0,0,32,0,0,0
20200,197,0,0,8,32,0,0,0,32,3,187,62
20211,481,0,0,7,0,0,0,0,3,28,192,0
20211,193,0,0,8,48,0,0,0,48,0,0,0
20212,455,0,0,7,9,110,54,146,0,0,63,0
20212,170,0,0,8,41,211,49,103,0,78,153,0
20223,454,0,0,8,41,134,50,48,0,67,55,63
20224,510,0,0,8,6,110,143,1,0,0,1,67
20224,866,0,0,4,0,0,0,0,0,0,0,0
20225,460,0,0,5,0,0,0,0,0,0,0,0
20236,170,0,0,8,41,211,49,103,2,78,152,0
20237,241,0,0,6,28,7,0,65,241,254,0,0
20237,1005,0,0,6,0,0,0,0,0,255,0,0
20238,170,0,0,8,41,211,49,103,4,78,151,0
20249,190,0,0,6,4,1,0,4,227,254,0,0
20249,241,0,0,6,40,7,0,65,241,253,0,0
20250,193,0,0,8,48,0,0,0,48,0,0,0
20261,352,0,0,5,192,12,142,244,3,0,0,0
20261,197,0,0,8,48,0,0,0,48,3,187,62
20262,485,0,0,8,92,255,222,112,0,0,2,229
20263,481,0,0,7,0,0,0,0,1,20,224,0
20273,608,0,0,8,200,0,0,0,0,0,0,0
20274,499,0,0,3,0,32,0,0,0,0,0,0
20274,462,0,0,4,16,0,7,254,0,0,0,0
20275,510,0,0,8,6,110,143,1,0,0,65,75
20286,866,0,0,4,0,0,0,0,0,0,0,0
20286,460,0,0,5,0,0,0,0,0,0,0,0
20287,241,0,0,6,40,6,0,65,243,253,0,0
20287,170,0,0,8,41,211,49,103,4,78,151,0
20298,190,0,0,6,4,1,0,4,227,254,0,0
20299,193,0,0,8,0,0,0,0,0,0,0,0
20299,241,0,0,6,52,6,0,65,243,252,0,0
20300,197,0,0,8,0,0,0,0,0,3,187,62
20311,209,0,0,7,192,0,255,253,0,253,0,0
20311,197,0,0,8,16,0,0,0,16,3,187,62
20312,455,0,0,7,9,110,118,145,0,0,63,0
20323,170,0,0,8,41,211,49,103,0,78,153,0
20323,454,0,0,8,41,134,50,48,0,67,55,63
20324,510,0,0,8,6,94,143,2,0,0,129,68
20324,866,0,0,4,0,0,0,0,0,0,0,0
20335,460,0,0,5,0,0,0,0,0,0,0,0
20336,462,0,0,4,8,0,7,255,0,0,0,0
20336,241,0,0,6,52,6,0,65,243,252,0,0
20337,170,0,0,8,41,211,49,103,4,78,151,0
20348,190,0,0,6,4,1,0,4,227,254,0,0
20349,977,0,0,8,0,74,128,0,0,0,0,255
20350,979,0,0,8,0,0,32,0,0,0,92,0
20350,1001,0,0,8,0,0,0,0,0,0,0,0
20361,1217,0,0,8,0,194,103,92,155,0,0,0
20362,209,0,0,7,64,0,127,255,0,255,0,0
20362,840,0,0,5,0,0,0,0,27,0,0,0
20363,298,0,0,8,16,226,112,92,0,0,16,181
20374,608,0,0,8,200,0,0,0,0,0,0,0
20374,844,0,0,8,250,150,31,250,3,242,0,0
20375,462,0,0,4,24,0,7,253,0,0,0,0
20375,510,0,0,8,6,110,143,1,0,0,193,91
20386,866,0,0,4,0,0,0,0,0,0,0,0
20387,460,0,0,5,0,0,0,0,0,0,0,0
20387,241,0,0,6,0,6,0,65,243,255,0,0
20388,170,0,0,8,41,211,49,103,4,78,151,0
20399,190,0,0,6,4,1,0,4,227,254,0,0
20399,193,0,0,8,32,0,0,0,32,0,0,0
20400,241,0,0,6,28,7,0,65,241,254,0,0
20411,197,0,0,8,32,0,0,0,32,3,187,62
20411,209,0,0,7,64,0,127,255,0,255,0,0
20412,455,0,0,7,9,110,182,144,0,0,63,0
20412,170,0,0,8,41,211,49,103,0,78,153,0
20423,454,0,0,8,41,134,50,48,0,67,55,63
20424,510,0,0,8,6,94,143,2,0,0,1,52
20424,866,0,0,4,0,0,0,0,0,0,0,0
20425,460,0,0,5,0,0,0,0,0,0,0,0
20436,170,0,0,8,41,211,49,103,2,78,152,0
20436,1105,0,0,6,0,0,0,0,255,0,0,0
20437,241,0,0,6,28,6,0,65,243,254,0,0
20438,170,0,0,8,41,211,49,103,4,78,151,0
20449,193,0,0,8,32,0,0,0,32,0,0,0
20449,977,0,0,8,0,75,128,0,0,0,0,255
20450,1001,0,0,8,0,0,0,0,0,0,0,0
20450,193,0,0,8,48,0,0,0,48,0,0,0
20461,197,0,0,8,48,0,0,0,48,3,187,62
20462,485,0,0,8,92,255,222,112,0,0,2,229
20462,298,0,0,8,16,226,112,92,0,0,16,133
20473,608,0,0,8,200,0,0,0,0,0,0,0
20474,609,0,0,6,128,0,0,0,0,0,0,0
20474,462,0,0,4,0,0,0,0,0,0,0,0
20475,510,0,0,8,6,110,143,1,0,0,65,75
20486,866,0,0,4,0,0,0,0,0,0,0,0
20486,460,0,0,5,0,0,0,0,0,0,0,0
20487,241,0,0,6,40,6,0,65,243,253,0,0
20487,1005,0,0,6,0,0,0,0,0,255,0,0
20498,170,0,0,8,41,211,49,103,4,78,151,0
20499,193,0,0,8,0,0,0,0,0,0,0,0
20499,197,0,0,8,0,0,0,0,0,3,187,62
20500,481,0,0,7,0,0,0,0,1,20,224,0
20511,209,0,0,7,192,0,255,253,0,253,0,0
20511,197,0,0,8,16,0,0,0,16,3,187,62
20512,485,0,0,8,92,255,222,16,0,0,2,133
20512,170,0,0,8,41,211,49,103,0,78,153,0
20523,454,0,0,8,41,134,50,48,0,67,55,63
20524,510,0,0,8,6,110,143,1,0,0,129,83
20524,866,0,0,4,0,0,0,0,0,0,0,0
20535,460,0,0,5,0,0,0,0,0,0,0,0
20536,170,0,0,8,41,211,49,103,2,78,152,0
20537,241,0,0,6,52,7,0,65,241,252,0,0
20537,170,0,0,8,41,211,49,103,4,78,151,0
20548,190,0,0,6,4,1,0,4,227,254,0,0
20549,460,0,0,5,0,0,0,0,0,0,0,0
20549,241,0,0,6,0,7,0,65,241,255,0,0
20550,193,0,0,8,16,0,0,0,16,0,0,0
20561,197,0,0,8,16,0,0,0,16,3,187,62
20561,197,0,0,8,32,0,0,0,32,3,187,62
20562,485,0,0,8,92,255,221,48,0,0,2,164
20563,298,0,0,8,16,226,112,92,0,0,16,149
20573,608,0,0,8,200,0,0,0,0,0,0,0
20574,485,0,0,8,92,255,222,80,0,0,2,197
20575,462,0,0,4,8,0,7,255,0,0,0,0
20575,510,0,0,8,6,110,143,2,0,0,193,92
20586,866,0,0,4,0,0,0,0,0,0,0,0
20587,460,0,0,5,0,0,0,0,0,0,0,0
20587,241,0,0,6,0,6,0,65,243,255,0,0
20588,170,0,0,8,41,211,49,103,4,78,151,0
20599,190,0,0,6,4,1,0,4,227,254,0,0
20599,193,0,0,8,32,0,0,0,32,0,0,0
20600,197,0,0,8,32,0,0,0,32,3,187,62
20600,241,0,0,6,28,7,0,65,241,254,0,0
20611,209,0,0,7,64,0,127,255,0,255,0,0
20612,455,0,0,7,9,110,54,146,0,0,63,0
20612,170,0,0,8,41,211,49,103,0,78,153,0
20623,454,0,0,8,41,134,50,48,0,67,55,63
20624,190,0,0,6,12,1,0,4,227,252,0,0
20624,510,0,0,8,6,110,143,1,0,0,1,67
20625,866,0,0,4,0,0,0,0,0,0,0,0
20635,460,0,0,5,0,0,0,0,0,0,0,0
20636,499,0,0,3,0,32,0,0,0,0,0,0
20637,241,0,0,6,28,7,0,65,241,254,0,0
20637,170,0,0,8,41,211,49,103,4,78,151,0
20648,190,0,0,6,4,1,0,4,227,254,0,0
20649,501,0,0,8,15,15,0,1,0,0,3,0
20650,985,0,0,5,2,0,0,0,0,0,0,0
20650,193,0,0,8,48,0,0,0,48,0,0,0
20661,241,0,0,6,40,7,0,65,241,253,0,0
20662,241,0,0,6,52,6,0,65,243,252,0,0
20662,489,0,0,8,0,0,0,14,175,249,0,0
20663,298,0,0,8,16,226,112,92,0,0,16,165
20673,608,0,0,8,200,0,0,0,0,0,0,0
20674,844,0,0,8,234,148,31,250,3,242,0,0
20675,462,0,0,4,16,0,7,254,0,0,0,0
20685,510,0,0,8,6,94,143,1,0,0,65,59
20686,866,0,0,4,0,0,0,0,0,0,0,0
20686,460,0,0,5,0,0,0,0,0,0,0,0
20687,241,0,0,6,40,7,0,65,241,253,0,0
20697,170,0,0,8,41,211,49,103,4,78,151,0
20698,193,0,0,8,0,0,0,0,0,0,0,0
20699,197,0,0,8,0,0,0,0,0,3,187,62
20700,241,0,0,6,52,6,0,65,243,252,0,0
20710,209,0,0,7,192,0,255,253,0,253,0,0
20711,193,0,0,8,16,0,0,0,16,0,0,0
20712,481,0,0,7,0,0,0,0,0,16,240,0
20712,485,0,0,8,92,255,221,16,0,0,2,132
20723,454,0,0,8,41,134,50,48,0,67,55,63
20724,501,0,0,8,15,15,0,1,0,0,3,0
20724,510,0,0,8,6,110,143,1,0,0,129,83
20725,866,0,0,4,0,0,0,0,0,0,0,0
20736,460,0,0,5,0,0,0,0,0,0,0,0
20736,1105,0,0,6,0,0,0,0,255,0,0,0
20737,241,0,0,6,52,7,0,65,241,252,0,0
20737,1005,0,0,6,0,0,0,0,0,255,0,0
20748,170,0,0,8,41,211,49,103,4,78,151,0
20749,977,0,0,8,0,75,128,0,0,0,0,255
20750,1001,0,0,8,0,0,0,0,0,0,0,0
20750,193,0,0,8,16,0,0,0,16,0,0,0
20761,197,0,0,8,16,0,0,0,16,3,187,62
20762,241,0,0,6,28,7,0,65,241,254,0,0
20762,840,0,0,5,0,0,0,0,27,0,0,0
20763,298,0,0,8,16,226,112,92,0,0,16,181
20774,608,0,0,8,200,0,0,0,0,0,0,0
20774,462,0,0,4,24,0,7,253,0,0,0,0
20775,510,0,0,8,6,94,139,1,0,0,193,71
20786,866,0,0,4,0,0,0,0,0,0,0,0
20786,170,0,0,8,41,211,49,106,2,78,149,0
20787,460,0,0,5,0,0,0,0,0,0,0,0
20787,241,0,0,6,0,6,0,65,243,255,0,0
20798,170,0,0,8,41,211,49,105,4,78,149,0
20799,241,0,0,6,28,6,0,65,243,254,0,0
20799,193,0,0,8,32,0,0,0,32,0,0,0
20800,197,0,0,8,32,0,0,0,32,3,187,62
20811,481,0,0,7,0,0,0,0,3,28,192,0
20811,197,0,0,8,48,0,0,0,48,3,187,62
20812,455,0,0,7,9,110,182,144,0,0,63,0
20812,499,0,0,3,128,160,0,0,0,0,0,0
20823,454,0,0,8,41,134,50,48,0,67,55,63
20824,510,0,0,8,6,110,143,2,0,0,1,68
20824,866,0,0,4,0,0,0,0,0,0,0,0
20825,460,0,0,5,0,0,0,0,0,0,0,0
20835,170,0,0,8,41,211,49,105,2,78,150,0
20836,497,0,0,8,174,10,0,0,8,0,0,122
20837,241,0,0,6,28,6,0,65,243,254,0,0
20838,170,0,0,8,41,211,49,105,4,78,149,0
20849,190,0,0,6,4,1,0,4,227,254,0,0
20849,969,0,0,8,7,6,0,0,0,0,0,0
20850,979,0,0,8,0,0,32,0,63,255,92,71
20861,1017,0,0,8,0,0,0,0,79,0,232,66
20862,1217,0,0,8,0,194,103,92,155,0,0,0
20862,489,0,0,8,0,0,0,14,175,250,0,0
20863,298,0,0,8,16,226,112,92,0,0,16,133
20874,608,0,0,8,200,0,0,0,0,0,0,0
20875,499,0,0,3,0,32,0,0,0,0,0,0
20875,1280,0,0,4,64,110,1,244,0,0,0,0
20876,1417,0,0,8,0,0,132,198,157,99,128,191
20887,1105,0,0,6,0,0,0,0,255,0,0,0
20887,460,0,0,5,0,0,0,0,0,0,0,0
20888,241,0,0,6,40,7,0,65,241,253,0,0
20888,170,0,0,8,41,211,49,105,4,78,149,0
20899,190,0,0,6,4,1,0,4,227,254,0,0
20900,193,0,0,8,0,0,0,0,0,0,0,0
20900,197,0,0,8,0,0,0,0,0,3,187,62
20901,241,0,0,6,52,6,0,65,243,252,0,0
20912,209,0,0,7,192,0,255,253,0,253,0,0
20912,840,0,0,5,0,0,0,0,27,0,0,0
20913,1322,0,0,6,33,36,55,84,92,90,0,0
20914,170,0,0,8,41,211,49,105,0,78,151,0
20924,454,0,0,8,41,134,50,48,0,67,55,63
20925,328,0,0,1,0,0,0,0,0,0,0,0
20925,1912,0,0,7,0,49,0,0,0,0,0,0
20936,866,0,0,4,0,0,0,0,0,0,0,0
20937,460,0,0,5,0,0,0,0,0,0,0,0
20937,241,0,0,6,52,6,0,65,243,252,0,0
20938,170,0,0,8,41,211,49,105,4,78,149,0
20949,193,0,0,8,0,0,0,0,0,0,0,0
20949,985,0,0,5,2,0,0,0,0,0,0,0
20950,193,0,0,8,16,0,0,0,16,0,0,0
20950,197,0,0,8,16,0,0,0,16,3,187,62
20961,352,0,0,5,192,12,142,244,3,0,0,0
20962,485,0,0,8,92,255,222,48,0,0,2,165
20962,298,0,0,8,16,226,112,92,0,0,16,149
20963,608,0,0,8,200,0,0,0,0,0,0,0
20974,609,0,0,6,128,0,0,0,0,0,0,0
20974,462,0,0,4,8,0,7,255,0,0,0,0
20975,510,0,0,8,6,110,143,1,0,0,193,91
20975,866,0,0,4,0,0,0,0,0,0,0,0
20986,170,0,0,8,41,211,49,105,2,78,150,0
20987,460,0,0,5,0,0,0,0,0,0,0,0
20987,241,0,0,6,0,6,0,65,243,255,0,0
20988,1005,0,0,6,0,0,0,0,0,255,0,0
20999,170,0,0,8,41,211,49,105,4,78,149,0
20999,193,0,0,8,32,0,0,0,32,0,0,0
21000,197,0,0,8,32,0,0,0,32,3,187,62
21000,241,0,0,6,28,7,0,65,241,254,0,0
21011,209,0,0,7,64,0,127,255,0,255,0,0
21012,455,0,0,7,9,110,54,146,0,0,63,0
21012,481,0,0,7,0,0,0,0,2,24,208,0
21023,170,0,0,8,41,211,49,105,0,78,151,0
21024,454,0,0,8,41,134,50,48,0,67,55,63
21024,510,0,0,8,6,110,143,1,0,0,1,67
21025,866,0,0,4,0,0,0,0,0,0,0,0
21036,460,0,0,5,0,0,0,0,0,0,0,0
21036,1105,0,0,6,0,0,0,0,255,0,0,0
21037,241,0,0,6,28,6,0,65,243,254,0,0
21037,170,0,0,8,41,211,49,105,4,78,149,0
21048,190,0,0,6,4,1,0,4,227,254,0,0
21049,241,0,0,6,40,7,0,65,241,253,0,0
21050,985,0,0,5,2,0,0,0,0,0,0,0
21050,193,0,0,8,48,0,0,0,48,0,0,0
21061,197,0,0,8,48,0,0,0,48,3,187,62
21062,298,0,0,8,16,226,112,92,0,0,16,165
21062,840,0,0,5,0,0,0,0,27,0,0,0
21063,608,0,0,8,200,0,0,0,0,0,0,0
21074,609,0,0,6,128,0,0,0,0,0,0,0
21074,501,0,0,8,15,15,0,1,0,0,3,0
21075,462,0,0,4,16,0,7,254,0,0,0,0
21075,510,0,0,8,6,110,143,1,0,0,65,75
21086,866,0,0,4,0,0,0,0,0,0,0,0
21087,460,0,0,5,0,0,0,0,0,0,0,0
21087,241,0,0,6,40,6,0,65,243,253,0,0
21088,170,0,0,8,41,211,49,105,4,78,149,0
21099,190,0,0,6,4,1,0,4,227,254,0,0
21099,193,0,0,8,0,0,0,0,0,0,0,0
21100,197,0,0,8,0,0,0,0,0,3,187,62
21101,481,0,0,7,0,0,0,0,1,20,224,0
21111,209,0,0,7,192,0,255,253,0,253,0,0
21112,455,0,0,7,9,110,118,145,0,0,63,0
21112,499,0,0,3,0,32,0,0,0,0,0,0
21123,170,0,0,8,41,211,49,105,0,78,151,0
21124,454,0,0,8,41,134,50,48,0,67,55,63
21124,510,0,0,8,6,110,143,2,0,0,129,84
21125,866,0,0,4,0,0,0,0,0,0,0,0
21136,460,0,0,5,0,0,0,0,0,0,0,0
21136,1105,0,0,6,0,0,0,0,0,0,0,0
21137,241,0,0,6,52,7,0,65,241,252,0,0
21137,170,0,0,8,41,211,49,105,4,78,149,0
21148,190,0,0,6,4,1,0,4,227,254,0,0
21149,977,0,0,8,0,74,128,0,0,0,0,255
21150,985,0,0,5,2,0,0,0,0,0,0,0
21150,193,0,0,8,16,0,0,0,16,0,0,0
21161,197,0,0,8,16,0,0,0,16,3,187,62
21162,241,0,0,6,28,6,0,65,243,254,0,0
21162,840,0,0,5,0,0,0,0,27,0,0,0
21163,298,0,0,8,16,226,112,92,0,0,16,181
21174,608,0,0,8,200,0,0,0,0,0,0,0
21174,844,0,0,8,250,151,31,250,3,243,0,0
21175,462,0,0,4,24,0,7,253,0,0,0,0
21175,510,0,0,8,6,110,139,1,0,0,193,87
21186,866,0,0,4,0,0,0,0,0,0,0,0
21186,460,0,0,5,0,0,0,0,0,0,0,0
21187,170,0,0,8,41,211,49,105,4,78,149,0
21198,193,0,0,8,16,0,0,0,16,0,0,0
21199,190,0,0,6,4,1,0,4,227,254,0,0
21199,193,0,0,8,32,0,0,0,32,0,0,0
21200,197,0,0,8,32,0,0,0,32,3,187,62
21211,241,0,0,6,28,7,0,65,241,254,0,0
21211,193,0,0,8,48,0,0,0,48,0,0,0
21212,455,0,0,7,9,110,182,144,0,0,63,0
21212,454,0,0,8,41,134,50,48,0,67,55,63
21223,170,0,0,8,41,211,49,105,0,78,151,0
21224,501,0,0,8,15,15,0,1,0,0,3,0
21224,510,0,0,8,6,110,143,2,0,0,1,68
21225,866,0,0,4,0,0,0,0,0,0,0,0
21236,460,0,0,5,0,0,0,0,0,0,0,0
21236,499,0,0,3,0,32,0,0,0,0,0,0
21237,1105,0,0,6,0,0,0,0,0,0,0,0
21237,1005,0,0,6,0,0,0,0,0,255,0,0
21248,170,0,0,8,41,211,49,105,4,78,149,0
21249,977,0,0,8,0,74,128,0,0,0,0,255
21250,1001,0,0,8,0,0,0,0,0,0,0,0
21250,193,0,0,8,48,0,0,0,48,0,0,0
21261,197,0,0,8,48,0,0,0,48,3,187,62
21262,241,0,0,6,52,6,0,65,243,252,0,0
21262,489,0,0,8,0,0,0,14,175,250,0,0
21263,298,0,0,8,16,226,112,92,0,0,16,133
21274,608,0,0,8,200,0,0,0,0,0,0,0
21274,309,0,0,8,0,0,8,86,98,13,26,0
21275,462,0,0,4,0,0,0,0,0,0,0,0
21275,510,0,0,8,6,110,143,1,0,0,65,75
21286,866,0,0,4,0,0,0,0,0,0,0,0
21286,460,0,0,5,0,0,0,0,0,0,0,0
21287,241,0,0,6,40,7,0,65,241,253,0,0
21287,170,0,0,8,41,211,49,105,4,78,149,0
21298,193,0,0,8,48,0,0,0,48,0,0,0
21299,193,0,0,8,0,0,0,0,0,0,0,0
21300,810,0,0,8,6,141,204,189,107,2,0,142
21300,197,0,0,8,0,0,0,0,0,3,187,62
21311,209,0,0,7,192,0,255,253,0,253,0,0
21312,209,0,0,7,0,0,0,0,0,0,0,0
21312,454,0,0,8,41,134,50,48,0,67,55,63
21323,170,0,0,8,41,211,49,105,0,78,151,0
21324,462,0,0,4,16,0,7,254,0,0,0,0
21324,510,0,0,8,6,110,143,2,0,0,129,84
21325,866,0,0,4,0,0,0,0,0,0,0,0
21335,460,0,0,5,0,0,0,0,0,0,0,0
21336,1105,0,0,6,0,0,0,0,255,0,0,0
21337,241,0,0,6,52,7,0,65,241,252,0,0
21338,170,0,0,8,41,211,49,105,4,78,149,0
21349,190,0,0,6,4,1,0,4,227,254,0,0
21349,501,0,0,8,15,15,0,1,0,0,3,0
21350,979,0,0,8,0,0,32,0,95,254,92,134
21350,1001,0,0,8,0,0,0,0,0,0,0,0
21361,1217,0,0,8,0,194,103,92,155,0,0,0
21362,485,0,0,8,92,255,222,48,0,0,2,165
21363,298,0,0,8,16,226,112,92,0,0,16,149
21363,608,0,0,8,200,0,0,0,0,0,0,0
21374,609,0,0,6,128,0,0,0,0,0,0,0
21375,1233,0,0,8,0,0,0,3,19,70,0,0
21375,462,0,0,4,8,0,7,255,0,0,0,0
21376,510,0,0,8,6,110,143,1,0,0,193,91
21387,170,0,0,8,41,211,49,105,2,78,150,0
21387,460,0,0,5,0,0,0,0,0,0,0,0
21388,241,0,0,6,0,7,0,65,241,255,0,0
21398,170,0,0,8,41,211,49,105,4,78,149,0
21399,193,0,0,8,16,0,0,0,16,0,0,0
21400,193,0,0,8,32,0,0,0,32,0,0,0
21400,197,0,0,8,32,0,0,0,32,3,187,62
21411,241,0,0,6,28,6,0,65,243,254,0,0
21412,209,0,0,7,128,0,191,254,0,254,0,0
21412,499,0,0,3,128,160,0,0,0,0,0,0
21413,454,0,0,8,41,134,50,48,0,67,55,63
21424,170,0,0,8,41,211,49,105,0,78,151,0
21424,510,0,0,8,6,110,143,2,0,0,1,68
21425,866,0,0,4,0,0,0,0,0,0,0,0
21425,460,0,0,5,0,0,0,0,0,0,0,0
21436,170,0,0,8,41,211,49,105,2,78,150,0
21437,241,0,0,6,28,6,0,65,243,254,0,0
21437,170,0,0,8,41,211,49,105,4,78,149,0
21448,193,0,0,8,32,0,0,0,32,0,0,0
21449,190,0,0,6,4,1,0,4,227,254,0,0
21450,985,0,0,5,2,0,0,0,0,0,0,0
21450,193,0,0,8,48,0,0,0,48,0,0,0
21451,197,0,0,8,48,0,0,0,48,3,187,62
21462,241,0,0,6,52,7,0,65,241,252,0,0
21462,489,0,0,8,0,0,0,14,175,250,0,0
21463,298,0,0,8,16,226,112,92,0,0,16,165
21473,608,0,0,8,200,0,0,0,0,0,0,0
21474,609,0,0,6,128,0,0,0,0,0,0,0
21475,462,0,0,4,16,0,7,254,0,0,0,0
21475,510,0,0,8,6,110,143,1,0,0,65,75
21486,866,0,0,4,0,0,0,0,0,0,0,0
21486,460,0,0,5,0,0,0,0,0,0,0,0
21487,241,0,0,6,40,6,0,65,243,253,0,0
21487,1005,0,0,6,0,0,0,0,0,255,0,0
21498,170,0,0,8,41,211,49,105,4,78,149,0
21499,193,0,0,8,0,0,0,0,0,0,0,0
21500,241,0,0,6,52,7,0,65,241,252,0,0
21500,197,0,0,8,0,0,0,0,0,3,187,62
21511,209,0,0,7,192,0,255,253,0,253,0,0
21512,209,0,0,7,0,0,0,0,0,0,0,0
21512,454,0,0,8,41,134,50,48,0,67,55,63
21513,170,0,0,8,41,211,49,105,0,78,151,0
21523,462,0,0,4,0,0,0,0,0,0,0,0
21524,510,0,0,8,6,110,143,1,0,0,129,83
21525,866,0,0,4,0,0,0,0,0,0,0,0
21525,460,0,0,5,0,0,0,0,0,0,0,0
21536,170,0,0,8,41,211,49,105,2,78,150,0
21537,241,0,0,6,52,7,0,65,241,252,0,0
21537,170,0,0,8,41,211,49,105,4,78,149,0
21548,193,0,0,8,0,0,0,0,0,0,0,0
21549,190,0,0,6,4,1,0,4,227,254,0,0
21549,979,0,0,8,0,0,32,0,0,0,92,0
21550,193,0,0,8,16,0,0,0,16,0,0,0
21561,197,0,0,8,16,0,0,0,16,3,187,62
21561,197,0,0,8,32,0,0,0,32,3,187,62
21562,485,0,0,8,92,255,221,48,0,0,2,164
21563,298,0,0,8,16,226,112,92,0,0,16,181
21573,608,0,0,8,200,0,0,0,0,0,0,0
21574,501,0,0,8,15,15,0,1,0,0,3,0
21575,462,0,0,4,24,0,7,253,0,0,0,0
21575,510,0,0,8,6,110,143,1,0,0,193,91
21586,866,0,0,4,0,0,0,0,0,0,0,0
21586,460,0,0,5,0,0,0,0,0,0,0,0
21587,241,0,0,6,0,7,0,65,241,255,0,0
21587,170,0,0,8,41,211,49,105,4,78,149,0
21598,193,0,0,8,16,0,0,0,16,0,0,0
21599,1020,0,0,8,72,24,112,163,155,0,163,155
21600,193,0,0,8,32,0,0,0,32,0,0,0
21600,810,0,0,8,6,141,204,189,107,2,0,142
21611,197,0,0,8,32,0,0,0,32,3,187,62
21612,209,0,0,7,128,0,191,254,0,254,0,0
21612,840,0,0,5,0,0,0,0,27,0,0,0
21623,481,0,0,7,0,0,0,0,2,24,208,0
21624,454,0,0,8,41,134,50,48,0,67,55,63
21624,510,0,0,8,6,110,143,1,0,0,1,67
21625,866,0,0,4,0,0,0,0,0,0,0,0
21635,460,0,0,5,0,0,0,0,0,0,0,0
21636,1105,0,0,6,0,0,0,0,255,0,0,0
21637,241,0,0,6,28,6,0,65,243,254,0,0
21637,170,0,0,8,41,211,49,105,4,78,149,0
21648,193,0,0,8,32,0,0,0,32,0,0,0
21649,969,0,0,8,7,6,0,0,0,0,0,0
21650,985,0,0,5,2,0,0,0,0,0,0,0
21650,193,0,0,8,48,0,0,0,48,0,0,0
21661,197,0,0,8,48,0,0,0,48,3,187,62
21662,241,0,0,6,52,6,0,65,243,252,0,0
21662,489,0,0,8,0,0,0,14,175,248,0,0
21663,298,0,0,8,16,226,112,92,0,0,16,133
21674,608,0,0,8,200,0,0,0,0,0,0,0
21674,501,0,0,8,15,15,0,1,0,0,3,0
21675,462,0,0,4,0,0,0,0,0,0,0,0
21675,510,0,0,8,6,110,143,1,0,0,65,75
21686,866,0,0,4,0,0,0,0,0,0,0,0
21686,460,0,0,5,0,0,0,0,0,0,0,0
21687,241,0,0,6,40,7,0,65,241,253,0,0
21687,170,0,0,8,41,211,49,105,4,78,149,0
21698,193,0,0,8,48,0,0,0,48,0,0,0
21699,193,0,0,8,0,0,0,0,0,0,0,0
21700,481,0,0,7,0,0,0,0,1,20,224,0
21700,197,0,0,8,0,0,0,0,0,3,187,62
21711,209,0,0,7,192,0,255,253,0,253,0,0
21712,209,0,0,7,0,0,0,0,0,0,0,0
21712,454,0,0,8,41,134,50,48,0,67,55,63
21713,170,0,0,8,41,211,49,105,0,78,151,0
21724,462,0,0,4,16,0,7,254,0,0,0,0
21724,510,0,0,8,6,110,143,1,0,0,129,83
21725,866,0,0,4,0,0,0,0,0,0,0,0
21725,460,0,0,5,0,0,0,0,0,0,0,0
21736,170,0,0,8,41,211,49,105,2,78,150,0
21737,241,0,0,6,52,6,0,65,243,252,0,0
21737,1005,0,0,6,0,0,0,0,0,255,0,0
21748,170,0,0,8,41,211,49,105,4,78,149,0
21749,193,0,0,8,0,0,0,0,0,0,0,0
21750,979,0,0,8,0,0,32,0,95,254,92,134
21750,193,0,0,8,16,0,0,0,16,0,0,0
21761,241,0,0,6,0,7,0,65,241,255,0,0
21762,241,0,0,6,28,6,0,65,243,254,0,0
21762,489,0,0,8,0,0,0,14,175,249,0,0
21763,298,0,0,8,16,226,112,92,0,0,16,149
21774,608,0,0,8,200,0,0,0,0,0,0,0
21774,499,0,0,3,128,160,0,0,0,0,0,0
21775,462,0,0,4,8,0,7,255,0,0,0,0
21775,510,0,0,8,6,110,139,1,0,0,193,87
21786,866,0,0,4,0,0,0,0,0,0,0,0
21786,460,0,0,5,0,0,0,0,0,0,0,0
21787,241,0,0,6,0,7,0,65,241,255,0,0
21787,170,0,0,8,41,211,49,105,4,78,149,0
21798,193,0,0,8,16,0,0,0,16,0,0,0
21799,193,0,0,8,32,0,0,0,32,0,0,0
21800,499,0,0,3,192,224,0,0,0,0,0,0
21800,197,0,0,8,32,0,0,0,32,3,187,62
21811,209,0,0,7,64,0,127,255,0,255,0,0
21812,209,0,0,7,128,0,191,254,0,254,0,0
21812,454,0,0,8,41,134,50,48,0,67,55,63
21823,170,0,0,8,41,211,49,105,0,78,151,0
21823,462,0,0,4,24,0,7,253,0,0,0,0
21824,510,0,0,8,6,110,143,2,0,0,1,68
21824,866,0,0,4,0,0,0,0,0,0,0,0
21835,460,0,0,5,0,0,0,0,0,0,0,0
21836,497,0,0,8,174,10,0,0,8,0,0,122
21837,241,0,0,6,28,6,0,65,243,254,0,0
21837,170,0,0,8,41,211,49,105,4,78,149,0
21848,193,0,0,8,32,0,0,0,32,0,0,0
21849,967,0,0,4,56,122,7,131,0,0,0,0
21850,977,0,0,8,0,74,128,0,0,0,0,255
21850,1919,0,0,7,0,24,0,0,0,0,0,0
21861,1017,0,0,8,0,0,0,0,79,0,232,66
21862,209,0,0,7,192,0,255,253,0,253,0,0
21863,298,0,0,8,16,226,112,92,0,0,16,165
21864,608,0,0,8,200,0,0,0,0,0,0,0
21874,609,0,0,6,128,0,0,0,0,0,0,0
21875,844,0,0,8,234,149,31,250,3,243,0,0
21876,1265,0,0,8,66,52,2,52,0,142,0,151
21876,462,0,0,4,16,0,7,254,0,0,0,0
21887,1907,0,0,7,0,40,0,0,0,0,0,0
21887,241,0,0,6,40,6,0,65,243,253,0,0
21888,170,0,0,8,41,211,49,105,4,78,149,0
21899,193,0,0,8,48,0,0,0,48,0,0,0
21900,190,0,0,6,4,1,0,4,227,254,0,0
21900,193,0,0,8,0,0,0,0,0,0,0,0
21901,810,0,0,8,6,141,204,189,107,2,0,142
21911,197,0,0,8,0,0,0,0,0,3,187,62
21912,485,0,0,8,92,255,222,16,0,0,2,133
21913,1323,0,0,4,53,51,168,58,0,0,0,0
21913,454,0,0,8,41,134,50,48,0,67,55,63
21924,170,0,0,8,41,211,49,105,0,78,151,0
21925,328,0,0,1,0,0,0,0,0,0,0,0
21925,1912,0,0,7,0,49,0,0,0,0,0,0
21926,510,0,0,8,6,110,143,1,0,0,129,83
21937,460,0,0,5,0,0,0,0,0,0,0,0
21937,241,0,0,6,52,7,0,65,241,252,0,0
21938,170,0,0,8,41,211,49,105,4,78,149,0
21949,193,0,0,8,0,0,0,0,0,0,0,0
21949,190,0,0,6,4,1,0,4,227,254,0,0
21950,193,0,0,8,16,0,0,0,16,0,0,0
21950,197,0,0,8,16,0,0,0,16,3,187,62
21951,241,0,0,6,0,7,0,65,241,255,0,0
21962,485,0,0,8,92,255,222,48,0,0,2,165
21962,298,0,0,8,16,226,112,92,0,0,16,181
21963,608,0,0,8,200,0,0,0,0,0,0,0
21974,609,0,0,6,128,0,0,0,0,0,0,0
21974,610,0,0,6,128,0,0,0,0,0,0,0
21975,462,0,0,4,24,0,7,253,0,0,0,0
21975,510,0,0,8,6,110,143,2,0,0,193,92
21986,866,0,0,4,0,0,0,0,0,0,0,0
21987,460,0,0,5,0,0,0,0,0,0,0,0
21987,241,0,0,6,0,6,0,65,243,255,0,0
21988,1005,0,0,6,0,0,0,0,0,255,0,0
21999,170,0,0,8,41,211,49,105,4,78,149,0
21999,193,0,0,8,32,0,0,0,32,0,0,0
22000,241,0,0,6,28,6,0,65,243,254,0,0
22000,197,0,0,8,32,0,0,0,32,3,187,62
22011,209,0,0,7,64,0,127,255,0,255,0,0
22012,455,0,0,7,9,110,182,144,0,0,63,0
22012,499,0,0,3,128,160,0,0,0,0,0,0
22013,454,0,0,8,41,134,50,48,0,67,55,63
22024,170,0,0,8,41,211,49,105,0,78,151,0
22024,510,0,0,8,6,110,143,1,0,0,1,67
22025,866,0,0,4,0,0,0,0,0,0,0,0
22035,460,0,0,5,0,0,0,0,0,0,0,0
22036,170,0,0,8,41,211,49,105,2,78,150,0
22037,241,0,0,6,28,6,0,65,243,254,0,0
22037,170,0,0,8,41,211,49,105,4,78,149,0
22048,193,0,0,8,32,0,0,0,32,0,0,0
22049,969,0,0,8,7,6,0,0,0,0,0,0
22050,985,0,0,5,2,0,0,0,0,0,0,0
22050,193,0,0,8,48,0,0,0,48,0,0,0
22061,197,0,0,8,48,0,0,0,48,3,187,62
22062,298,0,0,8,16,226,112,92,0,0,16,133
22062,489,0,0,8,0,0,0,14,175,250,0,0
22063,481,0,0,7,0,0,0,0,1,20,224,0
22074,608,0,0,8,200,0,0,0,0,0,0,0
22074,844,0,0,8,234,147,31,249,3,242,0,0
22075,462,0,0,4,0,0,0,0,0,0,0,0
22075,510,0,0,8,6,110,143,2,0,0,65,76
22086,866,0,0,4,0,0,0,0,0,0,0,0
22087,460,0,0,5,0,0,0,0,0,0,0,0
22087,241,0,0,6,40,6,0,65,243,253,0,0
22088,170,0,0,8,41,211,49,105,4,78,149,0
22099,193,0,0,8,48,0,0,0,48,0,0,0
22099,193,0,0,8,0,0,0,0,0,0,0,0
22100,499,0,0,3,64,96,0,0,0,0,0,0
22100,197,0,0,8,0,0,0,0,0,3,187,62
22111,209,0,0,7,192,0,255,253,0,253,0,0
22112,485,0,0,8,92,255,222,16,0,0,2,133
22112,454,0,0,8,41,134,50,48,0,67,55,63
22123,170,0,0,8,41,211,49,105,0,78,151,0
22124,462,0,0,4,16,0,7,254,0,0,0,0
22124,510,0,0,8,6,110,143,1,0,0,129,83
22125,866,0,0,4,0,0,0,0,0,0,0,0
22136,460,0,0,5,0,0,0,0,0,0,0,0
22136,241,0,0,6,52,7,0,65,241,252,0,0
22137,170,0,0,8,41,211,49,105,4,78,149,0
22137,193,0,0,8,0,0,0,0,0,0,0,0
22148,190,0,0,6,4,1,0,4,227,254,0,0
22149,501,0,0,8,15,15,0,1,0,0,3,0
22150,1001,0,0,8,0,0,0,0,0,0,0,0
22150,193,0,0,8,16,0,0,0,16,0,0,0
22161,197,0,0,8,16,0,0,0,16,3,187,62
22162,209,0,0,7,64,0,127,255,0,255,0,0
22162,840,0,0,5,0,0,0,0,27,0,0,0
22163,298,0,0,8,16,226,112,92,0,0,16,149
22174,608,0,0,8,200,0,0,0,0,0,0,0
22174,844,0,0,8,250,151,31,250,3,243,0,0
22175,462,0,0,4,8,0,7,255,0,0,0,0
22175,510,0,0,8,6,110,143,1,0,0,193,91
22186,866,0,0,4,0,0,0,0,0,0,0,0
22186,460,0,0,5,0,0,0,0,0,0,0,0
22187,241,0,0,6,0,7,0,65,241,255,0,0
22187,170,0,0,8,41,211,49,105,4,78,149,0
22198,193,0,0,8,16,0,0,0,16,0,0,0
22199,193,0,0,8,32,0,0,0,32,0,0,0
22200,241,0,0,6,28,7,0,65,241,254,0,0
22200,197,0,0,8,32,0,0,0,32,3,187,62
22211,209,0,0,7,64,0,127,255,0,255,0,0
22212,209,0,0,7,128,0,191,254,0,254,0,0
22212,454,0,0,8,41,134,50,48,0,67,55,63
22223,170,0,0,8,41,211,49,105,0,78,151,0
22224,462,0,0,4,24,0,7,253,0,0,0,0
22224,510,0,0,8,6,110,143,1,0,0,1,67
22225,866,0,0,4,0,0,0,0,0,0,0,0
22236,460,0,0,5,0,0,0,0,0,0,0,0
22236,1105,0,0,6,0,0,0,0,255,0,0,0
22237,241,0,0,6,28,7,0,65,241,254,0,0
22237,1005,0,0,6,0,0,0,0,0,255,0,0
22248,170,0,0,8,41,211,49,105,4,78,149,0
22249,501,0,0,8,15,15,0,1,0,0,3,0
22250,985,0,0,5,2,0,0,0,0,0,0,0
22250,193,0,0,8,48,0,0,0,48,0,0,0
22261,197,0,0,8,48,0,0,0,48,3,187,62
22262,209,0,0,7,192,0,255,253,0,253,0,0
22262,840,0,0,5,0,0,0,0,27,0,0,0
22263,298,0,0,8,16,226,112,92,0,0,16,165
22274,608,0,0,8,200,0,0,0,0,0,0,0
22274,844,0,0,8,234,148,31,250,3,242,0,0
22275,462,0,0,4,16,0,7,254,0,0,0,0
22275,510,0,0,8,6,110,143,1,0,0,65,75
22286,866,0,0,4,0,0,0,0,0,0,0,0
22286,460,0,0,5,0,0,0,0,0,0,0,0
22287,241,0,0,6,40,6,0,65,243,253,0,0
22298,170,0,0,8,41,211,49,105,4,78,149,0
22299,193,0,0,8,48,0,0,0,48,0,0,0
22299,193,0,0,8,0,0,0,0,0,0,0,0
22300,197,0,0,8,0,0,0,0,0,3,187,62
22300,241,0,0,6,52,7,0,65,241,252,0,0
22311,193,0,0,8,16,0,0,0,16,0,0,0
22312,455,0,0,7,9,110,118,145,0,0,63,0
22312,454,0,0,8,41,134,50,48,0,67,55,63
22323,170,0,0,8,41,211,49,105,0,78,151,0
22324,462,0,0,4,0,0,0,0,0,0,0,0
22324,510,0,0,8,6,110,143,1,0,0,129,83
22325,866,0,0,4,0,0,0,0,0,0,0,0
22335,460,0,0,5,0,0,0,0,0,0,0,0
22336,1009,0,0,8,0,255,79,8,19,255,10,155
22337,241,0,0,6,52,6,0,65,243,252,0,0
22338,170,0,0,8,41,211,49,105,4,78,149,0
22349,193,0,0,8,0,0,0,0,0,0,0,0
22349,969,0,0,8,7,6,0,0,0,0,0,0
22350,979,0,0,8,0,0,32,0,0,0,92,0
22351,1017,0,0,8,0,0,0,0,79,0,232,66
22361,193,0,0,8,16,0,0,0,16,0,0,0
22362,485,0,0,8,92,255,222,48,0,0,2,165
22363,298,0,0,8,16,226,112,92,0,0,16,181
22364,608,0,0,8,200,0,0,0,0,0,0,0
22374,609,0,0,6,128,0,0,0,0,0,0,0
22375,1223,0,0,2,16,151,0,0,0,0,0,0
22375,462,0,0,4,24,0,7,253,0,0,0,0
22376,510,0,0,8,6,110,143,2,0,0,193,92
22387,170,0,0,8,41,211,49,105,2,78,150,0
22387,241,0,0,6,0,7,0,65,241,255,0,0
22388,170,0,0,8,41,211,49,105,4,78,149,0
22399,193,0,0,8,16,0,0,0,16,0,0,0
22399,190,0,0,6,4,1,0,4,227,254,0,0
22400,193,0,0,8,32,0,0,0,32,0,0,0
22400,197,0,0,8,32,0,0,0,32,3,187,62
22411,241,0,0,6,28,7,0,65,241,254,0,0
22412,485,0,0,8,92,255,221,80,0,0,2,196
22412,454,0,0,8,41,134,50,48,0,67,55,63
22413,170,0,0,8,41,211,49,105,0,78,151,0
22424,462,0,0,4,8,0,7,255,0,0,0,0
22424,510,0,0,8,6,110,143,1,0,0,1,67
22425,866,0,0,4,0,0,0,0,0,0,0,0
22425,460,0,0,5,0,0,0,0,0,0,0,0
22436,170,0,0,8,41,211,49,105,2,78,150,0
22437,241,0,0,6,28,6,0,65,243,254,0,0
22437,170,0,0,8,41,211,49,105,4,78,149,0
22448,193,0,0,8,32,0,0,0,32,0,0,0
22449,190,0,0,6,4,1,0,4,227,254,0,0
22450,1105,0,0,6,0,0,0,0,255,0,0,0
22450,193,0,0,8,48,0,0,0,48,0,0,0
22461,241,0,0,6,40,7,0,65,241,253,0,0
22462,241,0,0,6,52,7,0,65,241,252,0,0
22462,489,0,0,8,0,0,0,14,175,250,0,0
22463,298,0,0,8,16,226,112,92,0,0,16,133
22473,608,0,0,8,200,0,0,0,0,0,0,0
22474,485,0,0,8,92,255,222,16,0,0,2,133
22475,462,0,0,4,0,0,0,0,0,0,0,0
22475,510,0,0,8,6,110,143,1,0,0,65,75
22486,866,0,0,4,0,0,0,0,0,0,0,0
22486,460,0,0,5,0,0,0,0,0,0,0,0
22487,241,0,0,6,40,7,0,65,241,253,0,0
22487,1005,0,0,6,0,0,0,0,0,255,0,0
22498,170,0,0,8,41,211,49,105,4,78,149,0
22499,193,0,0,8,0,0,0,0,0,0,0,0
22500,241,0,0,6,52,7,0,65,241,252,0,0
22500,197,0,0,8,0,0,0,0,0,3,187,62
22511,209,0,0,7,192,0,255,253,0,253,0,0
22512,481,0,0,7,0,0,0,0,0,16,240,0
22512,485,0,0,8,92,255,222,16,0,0,2,133
22523,454,0,0,8,41,134,50,48,0,67,55,63
22523,170,0,0,8,41,211,49,105,0,78,151,0
22524,510,0,0,8,6,110,143,1,0,0,129,83
22525,866,0,0,4,0,0,0,0,0,0,0,0
22535,460,0,0,5,0,0,0,0,0,0,0,0
22536,1105,0,0,6,0,0,0,0,255,0,0,0
22537,241,0,0,6,52,6,0,65,243,252,0,0
22537,170,0,0,8,41,211,49,105,4,78,149,0
22548,193,0,0,8,0,0,0,0,0,0,0,0
22549,501,0,0,8,15,15,0,1,0,0,3,0
22550,977,0,0,8,0,74,128,0,0,0,0,255
22550,193,0,0,8,16,0,0,0,16,0,0,0
22561,352,0,0,5,192,12,142,244,3,0,0,0
22562,209,0,0,7,64,0,127,255,0,255,0,0
22562,840,0,0,5,0,0,0,0,27,0,0,0
22563,298,0,0,8,16,226,112,92,0,0,16,149
22574,608,0,0,8,200,0,0,0,0,0,0,0
22574,844,0,0,8,250,150,31,249,3,243,0,0
22575,462,0,0,4,8,0,7,255,0,0,0,0
22575,510,0,0,8,6,110,143,1,0,0,193,91
22586,866,0,0,4,0,0,0,0,0,0,0,0
22587,460,0,0,5,0,0,0,0,0,0,0,0
22587,241,0,0,6,0,7,0,65,241,255,0,0
22588,170,0,0,8,41,211,49,105,4,78,149,0
22599,193,0,0,8,16,0,0,0,16,0,0,0
22599,193,0,0,8,32,0,0,0,32,0,0,0
22600,241,0,0,6,28,7,0,65,241,254,0,0
22611,197,0,0,8,32,0,0,0,32,3,187,62
22611,209,0,0,7,64,0,127,255,0,255,0,0
22612,455,0,0,7,9,110,54,146,0,0,63,0
22612,499,0,0,3,128,160,0,0,0,0,0,0
22623,454,0,0,8,41,134,50,48,0,67,55,63
22624,510,0,0,8,6,110,143,1,0,0,1,67
22624,866,0,0,4,0,0,0,0,0,0,0,0
22625,460,0,0,5,0,0,0,0,0,0,0,0
22636,170,0,0,8,41,211,49,105,2,78,150,0
22636,1105,0,0,6,0,0,0,0,255,0,0,0
22637,241,0,0,6,28,7,0,65,241,254,0,0
22638,170,0,0,8,41,211,49,105,4,78,149,0
22648,193,0,0,8,32,0,0,0,32,0,0,0
22649,977,0,0,8,0,74,128,0,0,0,0,255
22650,1001,0,0,8,0,0,0,0,0,0,0,0
22650,193,0,0,8,48,0,0,0,48,0,0,0
22661,197,0,0,8,48,0,0,0,48,3,187,62
22662,209,0,0,7,192,0,255,253,0,253,0,0
22662,481,0,0,7,0,0,0,0,1,20,224,0
22663,608,0,0,8,200,0,0,0,0,0,0,0
22674,609,0,0,6,128,0,0,0,0,0,0,0
22675,462,0,0,4,16,0,7,254,0,0,0,0
22675,510,0,0,8,6,110,143,1,0,0,65,75
22676,866,0,0,4,0,0,0,0,0,0,0,0
22686,170,0,0,8,41,211,49,105,2,78,150,0
22687,460,0,0,5,0,0,0,0,0,0,0,0
22687,241,0,0,6,40,6,0,65,243,253,0,0
22698,170,0,0,8,41,211,49,105,4,78,149,0
22699,193,0,0,8,48,0,0,0,48,0,0,0
22699,193,0,0,8,0,0,0,0,0,0,0,0
22700,197,0,0,8,0,0,0,0,0,3,187,62
22711,241,0,0,6,52,7,0,65,241,252,0,0
22711,197,0,0,8,16,0,0,0,16,3,187,62
22712,840,0,0,5,0,0,0,0,27,0,0,0
22712,454,0,0,8,41,134,50,48,0,67,55,63
22723,170,0,0,8,41,211,49,105,0,78,151,0
22724,510,0,0,8,6,110,143,1,0,0,129,83
22724,866,0,0,4,0,0,0,0,0,0,0,0
22725,460,0,0,5,0,0,0,0,0,0,0,0
22736,170,0,0,8,41,211,49,105,2,78,150,0
22736,1105,0,0,6,0,0,0,0,255,0,0,0
22737,241,0,0,6,52,6,0,65,243,252,0,0
22737,1005,0,0,6,0,0,0,0,0,255,0,0
22748,170,0,0,8,41,211,49,105,4,78,149,0
22749,979,0,0,8,0,0,32,0,0,0,92,0
22750,193,0,0,8,16,0,0,0,16,0,0,0
22750,197,0,0,8,16,0,0,0,16,3,187,62
22761,241,0,0,6,0,6,0,65,243,255,0,0
22762,209,0,0,7,64,0,127,255,0,255,0,0
22762,298,0,0,8,16,226,112,92,0,0,16,181
22773,608,0,0,8,200,0,0,0,0,0,0,0
22774,609,0,0,6,128,0,0,0,0,0,0,0
22774,462,0,0,4,24,0,7,253,0,0,0,0
22775,510,0,0,8,6,110,143,1,0,0,193,91
22786,866,0,0,4,0,0,0,0,0,0,0,0
22786,460,0,0,5,0,0,0,0,0,0,0,0
22787,241,0,0,6,0,7,0,65,241,255,0,0
22787,170,0,0,8,41,211,49,104,4,78,150,0
22798,193,0,0,8,16,0,0,0,16,0,0,0
22799,241,0,0,6,28,6,0,65,243,254,0,0
22799,193,0,0,8,32,0,0,0,32,0,0,0
22800,810,0,0,8,6,141,204,189,107,2,0,142
22811,197,0,0,8,32,0,0,0,32,3,187,62
22812,197,0,0,8,48,0,0,0,48,3,187,62
22812,455,0,0,7,9,110,182,144,0,0,63,0
22813,454,0,0,8,41,134,50,48,0,67,55,63
22823,170,0,0,8,41,211,49,104,0,78,152,0
22824,510,0,0,8,6,94,143,1,0,0,1,51
22825,866,0,0,4,0,0,0,0,0,0,0,0
22835,460,0,0,5,0,0,0,0,0,0,0,0
22836,170,0,0,8,41,211,49,104,2,78,151,0
22837,241,0,0,6,28,6,0,65,243,254,0,0
22837,170,0,0,8,41,211,49,104,4,78,150,0
22848,193,0,0,8,32,0,0,0,32,0,0,0
22849,961,0,0,8,7,101,20,0,0,0,0,0
22850,1225,0,0,7,64,89,0,0,16,0,0,0
22850,985,0,0,5,2,0,0,0,0,0,0,0
22861,1019,0,0,2,0,25,0,0,0,0,0,0
22862,209,0,0,7,192,0,255,253,0,253,0,0
22862,298,0,0,8,16,226,112,92,0,0,16,133
22863,608,0,0,8,200,0,0,0,0,0,0,0
22874,609,0,0,6,128,0,0,0,0,0,0,0
22874,1223,0,0,2,16,151,0,0,0,0,0,0
22875,1265,0,0,8,66,52,2,52,0,142,0,151
22875,1906,0,0,7,0,17,0,0,0,0,0,0
22886,510,0,0,8,6,110,139,1,0,0,65,71
22887,460,0,0,5,0,0,0,0,0,0,0,0
22887,241,0,0,6,40,6,0,65,243,253,0,0
22888,170,0,0,8,41,211,49,104,4,78,150,0
22899,193,0,0,8,48,0,0,0,48,0,0,0
22899,193,0,0,8,0,0,0,0,0,0,0,0
22900,241,0,0,6,52,7,0,65,241,252,0,0
22901,197,0,0,8,0,0,0,0,0,3,187,62
22911,209,0,0,7,192,0,255,253,0,253,0,0
22912,455,0,0,7,9,110,246,143,0,0,63,0
22913,499,0,0,3,0,32,0,0,0,0,0,0
22913,454,0,0,8,41,134,50,48,0,67,55,63
22924,170,0,0,8,41,211,49,104,0,78,152,0
22924,328,0,0,1,0,0,0,0,0,0,0,0
22925,1912,0,0,7,0,49,0,0,0,0,0,0
22936,510,0,0,8,6,94,143,1,0,0,129,67
22936,1322,0,0,6,33,36,55,84,92,90,0,0
22937,241,0,0,6,52,6,0,65,243,252,0,0
22938,170,0,0,8,41,211,49,104,4,78,150,0
22948,193,0,0,8,0,0,0,0,0,0,0,0
22949,501,0,0,8,15,15,0,1,0,0,3,0
22950,1001,0,0,8,0,0,0,0,0,0,0,0
22950,193,0,0,8,16,0,0,0,16,0,0,0
22961,197,0,0,8,16,0,0,0,16,3,187,62
22962,485,0,0,8,92,255,222,48,0,0,2,165
22962,298,0,0,8,16,226,112,92,0,0,16,149
22963,608,0,0,8,200,0,0,0,0,0,0,0
22974,609,0,0,6,128,0,0,0,0,0,0,0
22975,844,0,0,8,250,151,31,250,3,243,0,0
22975,462,0,0,4,8,0,7,255,0,0,0,0
22976,510,0,0,8,6,126,143,1,0,0,193,107
22986,866,0,0,4,0,0,0,0,0,0,0,0
22987,241,0,0,6,0,6,0,65,243,255,0,0
22987,1005,0,0,6,0,0,0,0,0,255,0,0
22998,170,0,0,8,41,211,49,104,4,78,150,0
22999,193,0,0,8,16,0,0,0,16,0,0,0
22999,193,0,0,8,32,0,0,0,32,0,0,0
23000,499,0,0,3,192,224,0,0,0,0,0,0
23011,197,0,0,8,32,0,0,0,32,3,187,62
23011,197,0,0,8,48,0,0,0,48,3,187,62
23012,840,0,0,5,0,0,0,0,27,0,0,0
23012,454,0,0,8,41,134,50,48,0,67,55,63
23023,170,0,0,8,41,211,49,104,0,78,152,0
23024,501,0,0,8,15,15,0,1,0,0,3,0
23024,510,0,0,8,6,110,139,1,0,0,1,63
23025,866,0,0,4,0,0,0,0,0,0,0,0
23036,460,0,0,5,0,0,0,0,0,0,0,0
23036,241,0,0,6,28,6,0,65,243,254,0,0
23037,170,0,0,8,41,211,49,104,4,78,150,0
23037,193,0,0,8,32,0,0,0,32,0,0,0
23048,190,0,0,6,4,1,0,4,227,254,0,0
23049,977,0,0,8,0,74,128,0,0,0,0,255
23050,985,0,0,5,2,0,0,0,0,0,0,0
23050,193,0,0,8,48,0,0,0,48,0,0,0
23061,352,0,0,5,192,12,142,244,3,0,0,0
23062,209,0,0,7,192,0,255,253,0,253,0,0
23062,840,0,0,5,0,0,0,0,27,0,0,0
23063,298,0,0,8,16,226,112,92,0,0,16,165
23074,608,0,0,8,200,0,0,0,0,0,0,0
23074,844,0,0,8,234,148,31,250,3,242,0,0
23075,462,0,0,4,16,0,7,254,0,0,0,0
23086,510,0,0,8,6,110,143,1,0,0,65,75
23086,866,0,0,4,0,0,0,0,0,0,0,0
23087,460,0,0,5,0,0,0,0,0,0,0,0
23087,241,0,0,6,40